path,participant_id,sequence_id,sign
train_landmark_files/22343/1004302418.parquet,22343,1004302418,sad
train_landmark_files/30680/1005102931.parquet,30680,1005102931,thankyou
train_landmark_files/37055/1005734995.parquet,37055,1005734995,no
train_landmark_files/62590/1005973605.parquet,62590,1005973605,sad
train_landmark_files/22343/1006778422.parquet,22343,1006778422,happy
train_landmark_files/37055/1009073883.parquet,37055,1009073883,no
train_landmark_files/32319/1011764636.parquet,32319,1011764636,dad
train_landmark_files/37055/1011888729.parquet,37055,1011888729,happy
train_landmark_files/28656/1012007761.parquet,28656,1012007761,no
train_landmark_files/37779/1012413496.parquet,37779,1012413496,sad
train_landmark_files/26734/1012730846.parquet,26734,1012730846,please
train_landmark_files/32319/1012950600.parquet,32319,1012950600,sad
train_landmark_files/27610/1016834986.parquet,27610,1016834986,thankyou
train_landmark_files/49445/1019060027.parquet,49445,1019060027,later
train_landmark_files/34503/1019518672.parquet,34503,1019518672,mom
train_landmark_files/32319/1019705591.parquet,32319,1019705591,yes
train_landmark_files/53618/1021288255.parquet,53618,1021288255,please
train_landmark_files/62590/1023256181.parquet,62590,1023256181,please
train_landmark_files/25571/1023273722.parquet,25571,1023273722,yes
train_landmark_files/53618/1024964075.parquet,53618,1024964075,yes
train_landmark_files/36257/1025094898.parquet,36257,1025094898,yes
train_landmark_files/18796/1025116466.parquet,18796,1025116466,dad
train_landmark_files/62590/1026529150.parquet,62590,1026529150,yes
train_landmark_files/2044/1027900681.parquet,2044,1027900681,sad
train_landmark_files/34503/1028641963.parquet,34503,1028641963,dad
train_landmark_files/32319/1029081818.parquet,32319,1029081818,no
train_landmark_files/16069/1029270291.parquet,16069,1029270291,please
train_landmark_files/29302/1029642842.parquet,29302,1029642842,no
train_landmark_files/26734/1030798091.parquet,26734,1030798091,no
train_landmark_files/34503/1031058936.parquet,34503,1031058936,please
train_landmark_files/62590/1031693648.parquet,62590,1031693648,hello
train_landmark_files/4718/1031918144.parquet,4718,1031918144,please
train_landmark_files/32319/1032050962.parquet,32319,1032050962,mom
train_landmark_files/16069/1032250678.parquet,16069,1032250678,no
train_landmark_files/36257/1033007049.parquet,36257,1033007049,mom
train_landmark_files/34503/1033041369.parquet,34503,1033041369,dad
train_landmark_files/37779/1033181756.parquet,37779,1033181756,hello
train_landmark_files/49445/1034040827.parquet,49445,1034040827,yes
train_landmark_files/18796/1034110468.parquet,18796,1034110468,happy
train_landmark_files/16069/103441466.parquet,16069,103441466,sad
train_landmark_files/37055/1034699789.parquet,37055,1034699789,later
train_landmark_files/32319/1035840159.parquet,32319,1035840159,happy
train_landmark_files/29302/1038478644.parquet,29302,1038478644,please
train_landmark_files/53618/1039826813.parquet,53618,1039826813,dad
train_landmark_files/25571/1040080251.parquet,25571,1040080251,hello
train_landmark_files/22343/1041640986.parquet,22343,1041640986,mom
train_landmark_files/37779/1041802107.parquet,37779,1041802107,please
train_landmark_files/37055/1041824547.parquet,37055,1041824547,please
train_landmark_files/28656/1042331405.parquet,28656,1042331405,dad
train_landmark_files/53618/1044118052.parquet,53618,1044118052,happy
train_landmark_files/53618/1045255796.parquet,53618,1045255796,yes
train_landmark_files/37055/1047094994.parquet,37055,1047094994,later
train_landmark_files/29302/1048033497.parquet,29302,1048033497,sad
train_landmark_files/62590/104949768.parquet,62590,104949768,please
train_landmark_files/32319/1049501001.parquet,32319,1049501001,yes
train_landmark_files/37055/1049534022.parquet,37055,1049534022,thankyou
train_landmark_files/22343/1050223528.parquet,22343,1050223528,yes
train_landmark_files/28656/1050526943.parquet,28656,1050526943,no
train_landmark_files/25571/1050684799.parquet,25571,1050684799,hello
train_landmark_files/36257/1050993014.parquet,36257,1050993014,please
train_landmark_files/27610/1052839828.parquet,27610,1052839828,mom
train_landmark_files/29302/1054418038.parquet,29302,1054418038,happy
train_landmark_files/49445/1054875916.parquet,49445,1054875916,sad
train_landmark_files/32319/105544881.parquet,32319,105544881,happy
train_landmark_files/28656/10590618.parquet,28656,10590618,mom
train_landmark_files/29302/1060843584.parquet,29302,1060843584,hello
train_landmark_files/2044/1062075977.parquet,2044,1062075977,happy
train_landmark_files/30680/106279834.parquet,30680,106279834,hello
train_landmark_files/22343/1064907243.parquet,22343,1064907243,sad
train_landmark_files/62590/1065848323.parquet,62590,1065848323,dad
train_landmark_files/49445/1065890777.parquet,49445,1065890777,yes
train_landmark_files/26734/106684670.parquet,26734,106684670,dad
train_landmark_files/32319/106714329.parquet,32319,106714329,hello
train_landmark_files/37779/1067631606.parquet,37779,1067631606,thankyou
train_landmark_files/22343/1068130811.parquet,22343,1068130811,no
train_landmark_files/30680/1070339723.parquet,30680,1070339723,later
train_landmark_files/2044/1070643840.parquet,2044,1070643840,mom
train_landmark_files/53618/1070658741.parquet,53618,1070658741,no
train_landmark_files/37779/107094913.parquet,37779,107094913,thankyou
train_landmark_files/26734/1071364049.parquet,26734,1071364049,yes
train_landmark_files/26734/1072076887.parquet,26734,1072076887,hello
train_landmark_files/55372/1073002395.parquet,55372,1073002395,please
train_landmark_files/2044/1073210547.parquet,2044,1073210547,mom
train_landmark_files/37779/1075688489.parquet,37779,1075688489,happy
train_landmark_files/2044/1077201783.parquet,2044,1077201783,happy
train_landmark_files/29302/1077574866.parquet,29302,1077574866,hello
train_landmark_files/29302/1082473778.parquet,29302,1082473778,later
train_landmark_files/34503/1083455821.parquet,34503,1083455821,yes
train_landmark_files/29302/108349232.parquet,29302,108349232,happy
train_landmark_files/29302/1086016810.parquet,29302,1086016810,dad
train_landmark_files/32319/1086215970.parquet,32319,1086215970,happy
train_landmark_files/25571/1086498111.parquet,25571,1086498111,thankyou
train_landmark_files/32319/1087463416.parquet,32319,1087463416,mom
train_landmark_files/18796/1089462639.parquet,18796,1089462639,later
train_landmark_files/16069/109145757.parquet,16069,109145757,yes
train_landmark_files/37055/1091759576.parquet,37055,1091759576,please
train_landmark_files/26734/109190877.parquet,26734,109190877,thankyou
train_landmark_files/25571/1093672187.parquet,25571,1093672187,no
train_landmark_files/37779/1094543884.parquet,37779,1094543884,sad
train_landmark_files/55372/1094930434.parquet,55372,1094930434,mom
train_landmark_files/22343/1096235365.parquet,22343,1096235365,please
train_landmark_files/62590/1097997004.parquet,62590,1097997004,yes
train_landmark_files/36257/1098234177.parquet,36257,1098234177,happy
train_landmark_files/29302/1098760881.parquet,29302,1098760881,thankyou
train_landmark_files/26734/1099336112.parquet,26734,1099336112,dad
train_landmark_files/37055/1099370557.parquet,37055,1099370557,yes
train_landmark_files/32319/1099558841.parquet,32319,1099558841,mom
train_landmark_files/18796/110017707.parquet,18796,110017707,please
train_landmark_files/28656/1100487971.parquet,28656,1100487971,yes
train_landmark_files/55372/1102009220.parquet,55372,1102009220,dad
train_landmark_files/2044/1102084872.parquet,2044,1102084872,dad
train_landmark_files/62590/1102733603.parquet,62590,1102733603,hello
train_landmark_files/36257/1104203359.parquet,36257,1104203359,no
train_landmark_files/55372/1105222567.parquet,55372,1105222567,no
train_landmark_files/18796/1106875566.parquet,18796,1106875566,happy
train_landmark_files/61333/1107025850.parquet,61333,1107025850,please
train_landmark_files/22343/1107999650.parquet,22343,1107999650,no
train_landmark_files/61333/1112604964.parquet,61333,1112604964,mom
train_landmark_files/36257/111269148.parquet,36257,111269148,hello
train_landmark_files/37055/11141994.parquet,37055,11141994,happy
train_landmark_files/4718/1114344268.parquet,4718,1114344268,please
train_landmark_files/26734/1114630639.parquet,26734,1114630639,please
train_landmark_files/16069/1116075360.parquet,16069,1116075360,happy
train_landmark_files/29302/1117086675.parquet,29302,1117086675,please
train_landmark_files/29302/1118278339.parquet,29302,1118278339,happy
train_landmark_files/55372/1118787149.parquet,55372,1118787149,later
train_landmark_files/53618/1118884388.parquet,53618,1118884388,later
train_landmark_files/37779/1119382731.parquet,37779,1119382731,dad
train_landmark_files/2044/1120272621.parquet,2044,1120272621,dad
train_landmark_files/16069/1120934681.parquet,16069,1120934681,no
train_landmark_files/25571/1121138201.parquet,25571,1121138201,no
train_landmark_files/2044/1123355924.parquet,2044,1123355924,later
train_landmark_files/25571/1123388579.parquet,25571,1123388579,no
train_landmark_files/18796/1123976115.parquet,18796,1123976115,later
train_landmark_files/2044/1124156916.parquet,2044,1124156916,mom
train_landmark_files/16069/1124345677.parquet,16069,1124345677,mom
train_landmark_files/37055/1125143484.parquet,37055,1125143484,yes
train_landmark_files/16069/1125567991.parquet,16069,1125567991,thankyou
train_landmark_files/18796/112791662.parquet,18796,112791662,later
train_landmark_files/34503/1128528720.parquet,34503,1128528720,later
train_landmark_files/37055/1129852197.parquet,37055,1129852197,dad
train_landmark_files/55372/1131246500.parquet,55372,1131246500,sad
train_landmark_files/37779/113279499.parquet,37779,113279499,hello
train_landmark_files/32319/1133307061.parquet,32319,1133307061,later
train_landmark_files/49445/1134642068.parquet,49445,1134642068,dad
train_landmark_files/30680/1134953644.parquet,30680,1134953644,sad
train_landmark_files/26734/1135969344.parquet,26734,1135969344,no
train_landmark_files/26734/1136667479.parquet,26734,1136667479,later
train_landmark_files/53618/1137252930.parquet,53618,1137252930,sad
train_landmark_files/28656/1138503174.parquet,28656,1138503174,please
train_landmark_files/62590/1139064509.parquet,62590,1139064509,sad
train_landmark_files/32319/1141893739.parquet,32319,1141893739,later
train_landmark_files/34503/1142500280.parquet,34503,1142500280,mom
train_landmark_files/36257/1143268892.parquet,36257,1143268892,sad
train_landmark_files/29302/1143676151.parquet,29302,1143676151,hello
train_landmark_files/28656/1145340279.parquet,28656,1145340279,yes
train_landmark_files/16069/1145389557.parquet,16069,1145389557,later
train_landmark_files/37779/1147773017.parquet,37779,1147773017,mom
train_landmark_files/18796/1148095665.parquet,18796,1148095665,thankyou
train_landmark_files/61333/1148301715.parquet,61333,1148301715,yes
train_landmark_files/2044/1148566480.parquet,2044,1148566480,hello
train_landmark_files/22343/1151249432.parquet,22343,1151249432,mom
train_landmark_files/16069/1151925788.parquet,16069,1151925788,happy
train_landmark_files/22343/1153000345.parquet,22343,1153000345,later
train_landmark_files/53618/1154105146.parquet,53618,1154105146,please
train_landmark_files/34503/1154256751.parquet,34503,1154256751,sad
train_landmark_files/37055/11548231.parquet,37055,11548231,happy
train_landmark_files/34503/1158744762.parquet,34503,1158744762,dad
train_landmark_files/4718/1161474237.parquet,4718,1161474237,sad
train_landmark_files/49445/1162131032.parquet,49445,1162131032,later
train_landmark_files/25571/1163294345.parquet,25571,1163294345,no
train_landmark_files/26734/116389034.parquet,26734,116389034,thankyou
train_landmark_files/30680/1164782714.parquet,30680,1164782714,please
train_landmark_files/28656/1165929598.parquet,28656,1165929598,sad
train_landmark_files/37779/1168261937.parquet,37779,1168261937,happy
train_landmark_files/25571/1168446963.parquet,25571,1168446963,thankyou
train_landmark_files/36257/1171299665.parquet,36257,1171299665,hello
train_landmark_files/26734/117290156.parquet,26734,117290156,please
train_landmark_files/37779/1174259150.parquet,37779,1174259150,happy
train_landmark_files/28656/1175052774.parquet,28656,1175052774,please
train_landmark_files/37779/117531400.parquet,37779,117531400,later
train_landmark_files/18796/1175609966.parquet,18796,1175609966,mom
train_landmark_files/49445/117616962.parquet,49445,117616962,later
train_landmark_files/22343/1176840747.parquet,22343,1176840747,thankyou
train_landmark_files/36257/1177333617.parquet,36257,1177333617,no
train_landmark_files/55372/1178830613.parquet,55372,1178830613,thankyou
train_landmark_files/53618/1179185577.parquet,53618,1179185577,hello
train_landmark_files/4718/1179398854.parquet,4718,1179398854,please
train_landmark_files/25571/1180415897.parquet,25571,1180415897,happy
train_landmark_files/16069/1180445235.parquet,16069,1180445235,please
train_landmark_files/30680/1185154615.parquet,30680,1185154615,mom
train_landmark_files/36257/1188141505.parquet,36257,1188141505,mom
train_landmark_files/4718/1190051959.parquet,4718,1190051959,happy
train_landmark_files/61333/1191396340.parquet,61333,1191396340,please
train_landmark_files/62590/11931083.parquet,62590,11931083,later
train_landmark_files/27610/1196236622.parquet,27610,1196236622,no
train_landmark_files/27610/119632829.parquet,27610,119632829,mom
train_landmark_files/55372/1197341368.parquet,55372,1197341368,dad
train_landmark_files/25571/1197563690.parquet,25571,1197563690,hello
train_landmark_files/37055/1197911010.parquet,37055,1197911010,hello
train_landmark_files/29302/1197960688.parquet,29302,1197960688,dad
train_landmark_files/18796/1198399449.parquet,18796,1198399449,later
train_landmark_files/18796/1199742283.parquet,18796,1199742283,please
train_landmark_files/53618/1201242827.parquet,53618,1201242827,dad
train_landmark_files/18796/1203279154.parquet,18796,1203279154,no
train_landmark_files/55372/1205657909.parquet,55372,1205657909,please
train_landmark_files/22343/120633856.parquet,22343,120633856,later
train_landmark_files/37055/1206444536.parquet,37055,1206444536,please
train_landmark_files/30680/1206960983.parquet,30680,1206960983,mom
train_landmark_files/22343/1210283400.parquet,22343,1210283400,yes
train_landmark_files/36257/1211399781.parquet,36257,1211399781,thankyou
train_landmark_files/34503/1213328773.parquet,34503,1213328773,happy
train_landmark_files/25571/1213907260.parquet,25571,1213907260,yes
train_landmark_files/28656/1214372811.parquet,28656,1214372811,mom
train_landmark_files/18796/1214980395.parquet,18796,1214980395,mom
train_landmark_files/27610/1215859538.parquet,27610,1215859538,dad
train_landmark_files/16069/1216540971.parquet,16069,1216540971,hello
train_landmark_files/32319/1218359982.parquet,32319,1218359982,hello
train_landmark_files/37779/1218402771.parquet,37779,1218402771,please
train_landmark_files/37779/1219255398.parquet,37779,1219255398,happy
train_landmark_files/36257/1220392078.parquet,36257,1220392078,happy
train_landmark_files/22343/1221521815.parquet,22343,1221521815,dad
train_landmark_files/37055/12231949.parquet,37055,12231949,sad
train_landmark_files/16069/1223616527.parquet,16069,1223616527,please
train_landmark_files/62590/1223789717.parquet,62590,1223789717,yes
train_landmark_files/2044/1226471603.parquet,2044,1226471603,happy
train_landmark_files/16069/1228205252.parquet,16069,1228205252,happy
train_landmark_files/53618/1228467675.parquet,53618,1228467675,later
train_landmark_files/36257/1228680718.parquet,36257,1228680718,yes
train_landmark_files/37779/1228842092.parquet,37779,1228842092,yes
train_landmark_files/26734/1230225865.parquet,26734,1230225865,mom
train_landmark_files/49445/123310956.parquet,49445,123310956,mom
train_landmark_files/37055/1233585896.parquet,37055,1233585896,dad
train_landmark_files/16069/12342492.parquet,16069,12342492,dad
train_landmark_files/27610/123506845.parquet,27610,123506845,mom
train_landmark_files/18796/1235195543.parquet,18796,1235195543,thankyou
train_landmark_files/32319/1235523249.parquet,32319,1235523249,hello
train_landmark_files/22343/1236094193.parquet,22343,1236094193,sad
train_landmark_files/22343/1236155376.parquet,22343,1236155376,dad
train_landmark_files/27610/1236339413.parquet,27610,1236339413,later
train_landmark_files/29302/1238303861.parquet,29302,1238303861,dad
train_landmark_files/36257/1239456755.parquet,36257,1239456755,please
train_landmark_files/36257/1240774533.parquet,36257,1240774533,mom
train_landmark_files/36257/1242216172.parquet,36257,1242216172,thankyou
train_landmark_files/18796/1242918125.parquet,18796,1242918125,yes
train_landmark_files/30680/1243220622.parquet,30680,1243220622,yes
train_landmark_files/37055/1245527814.parquet,37055,1245527814,thankyou
train_landmark_files/22343/1246047068.parquet,22343,1246047068,hello
train_landmark_files/62590/1246186422.parquet,62590,1246186422,thankyou
train_landmark_files/37055/1246985143.parquet,37055,1246985143,sad
train_landmark_files/37779/1247158169.parquet,37779,1247158169,happy
train_landmark_files/53618/1250892121.parquet,53618,1250892121,hello
train_landmark_files/4718/1254103836.parquet,4718,1254103836,sad
train_landmark_files/37055/1254121251.parquet,37055,1254121251,yes
train_landmark_files/62590/1256465520.parquet,62590,1256465520,later
train_landmark_files/29302/1256754757.parquet,29302,1256754757,mom
train_landmark_files/16069/1257339826.parquet,16069,1257339826,happy
train_landmark_files/27610/1257541551.parquet,27610,1257541551,thankyou
train_landmark_files/53618/1258452208.parquet,53618,1258452208,please
train_landmark_files/27610/1259455401.parquet,27610,1259455401,dad
train_landmark_files/22343/1261060748.parquet,22343,1261060748,thankyou
train_landmark_files/2044/1261598499.parquet,2044,1261598499,happy
train_landmark_files/27610/1264287948.parquet,27610,1264287948,please
train_landmark_files/62590/1264702889.parquet,62590,1264702889,please
train_landmark_files/49445/1265652469.parquet,49445,1265652469,hello
train_landmark_files/53618/1266107520.parquet,53618,1266107520,yes
train_landmark_files/26734/1266233987.parquet,26734,1266233987,no
train_landmark_files/2044/1266427503.parquet,2044,1266427503,happy
train_landmark_files/62590/1267468677.parquet,62590,1267468677,sad
train_landmark_files/29302/1269846443.parquet,29302,1269846443,later
train_landmark_files/37779/1272778561.parquet,37779,1272778561,mom
train_landmark_files/30680/127318541.parquet,30680,127318541,yes
train_landmark_files/37779/1273417557.parquet,37779,1273417557,dad
train_landmark_files/37055/1273537154.parquet,37055,1273537154,sad
train_landmark_files/34503/1277039627.parquet,34503,1277039627,sad
train_landmark_files/32319/1278444041.parquet,32319,1278444041,later
train_landmark_files/30680/1278557069.parquet,30680,1278557069,mom
train_landmark_files/22343/1278617852.parquet,22343,1278617852,yes
train_landmark_files/49445/1279628654.parquet,49445,1279628654,thankyou
train_landmark_files/29302/1281997804.parquet,29302,1281997804,happy
train_landmark_files/55372/1282056870.parquet,55372,1282056870,sad
train_landmark_files/62590/1282544340.parquet,62590,1282544340,sad
train_landmark_files/62590/1287020325.parquet,62590,1287020325,sad
train_landmark_files/37055/1287249240.parquet,37055,1287249240,later
train_landmark_files/25571/128862439.parquet,25571,128862439,mom
train_landmark_files/25571/1288689401.parquet,25571,1288689401,yes
train_landmark_files/61333/1289425468.parquet,61333,1289425468,yes
train_landmark_files/55372/1289700888.parquet,55372,1289700888,hello
train_landmark_files/53618/1291260882.parquet,53618,1291260882,hello
train_landmark_files/49445/12916296.parquet,49445,12916296,hello
train_landmark_files/30680/1293252124.parquet,30680,1293252124,happy
train_landmark_files/18796/1294871892.parquet,18796,1294871892,hello
train_landmark_files/22343/1295308160.parquet,22343,1295308160,later
train_landmark_files/22343/1295646920.parquet,22343,1295646920,later
train_landmark_files/16069/1296861466.parquet,16069,1296861466,thankyou
train_landmark_files/62590/1297132691.parquet,62590,1297132691,thankyou
train_landmark_files/37779/1298797455.parquet,37779,1298797455,thankyou
train_landmark_files/53618/1300062366.parquet,53618,1300062366,please
train_landmark_files/4718/1300303785.parquet,4718,1300303785,sad
train_landmark_files/49445/1301102179.parquet,49445,1301102179,mom
train_landmark_files/4718/1301821597.parquet,4718,1301821597,later
train_landmark_files/49445/1302861337.parquet,49445,1302861337,sad
train_landmark_files/55372/1305211550.parquet,55372,1305211550,hello
train_landmark_files/4718/1307075830.parquet,4718,1307075830,mom
train_landmark_files/37779/1307755053.parquet,37779,1307755053,please
train_landmark_files/53618/1308603423.parquet,53618,1308603423,hello
train_landmark_files/36257/130948015.parquet,36257,130948015,sad
train_landmark_files/36257/1310843709.parquet,36257,1310843709,yes
train_landmark_files/37779/1311187924.parquet,37779,1311187924,yes
train_landmark_files/27610/1312621868.parquet,27610,1312621868,please
train_landmark_files/29302/1316152009.parquet,29302,1316152009,no
train_landmark_files/53618/1316684744.parquet,53618,1316684744,yes
train_landmark_files/53618/1316733957.parquet,53618,1316733957,sad
train_landmark_files/22343/1316920629.parquet,22343,1316920629,dad
train_landmark_files/4718/1318641538.parquet,4718,1318641538,yes
train_landmark_files/27610/1320574766.parquet,27610,1320574766,later
train_landmark_files/34503/1320789535.parquet,34503,1320789535,later
train_landmark_files/37779/1322838544.parquet,37779,1322838544,hello
train_landmark_files/32319/1323705640.parquet,32319,1323705640,yes
train_landmark_files/34503/1324627670.parquet,34503,1324627670,dad
train_landmark_files/61333/1325817786.parquet,61333,1325817786,happy
train_landmark_files/25571/1327272203.parquet,25571,1327272203,mom
train_landmark_files/25571/1328294262.parquet,25571,1328294262,later
train_landmark_files/16069/1328502854.parquet,16069,1328502854,mom
train_landmark_files/34503/1328642817.parquet,34503,1328642817,no
train_landmark_files/61333/1329181950.parquet,61333,1329181950,no
train_landmark_files/55372/1329375638.parquet,55372,1329375638,yes
train_landmark_files/55372/1329568872.parquet,55372,1329568872,sad
train_landmark_files/4718/1330949181.parquet,4718,1330949181,hello
train_landmark_files/36257/133129570.parquet,36257,133129570,thankyou
train_landmark_files/49445/1332019761.parquet,49445,1332019761,later
train_landmark_files/32319/1332466963.parquet,32319,1332466963,no
train_landmark_files/2044/1332529031.parquet,2044,1332529031,no
train_landmark_files/16069/1332685049.parquet,16069,1332685049,later
train_landmark_files/26734/1333240458.parquet,26734,1333240458,sad
train_landmark_files/30680/1335315034.parquet,30680,1335315034,thankyou
train_landmark_files/22343/1335562912.parquet,22343,1335562912,mom
train_landmark_files/30680/1336792973.parquet,30680,1336792973,happy
train_landmark_files/61333/1337080092.parquet,61333,1337080092,dad
train_landmark_files/36257/1337847030.parquet,36257,1337847030,no
train_landmark_files/4718/1339088376.parquet,4718,1339088376,thankyou
train_landmark_files/49445/1339178523.parquet,49445,1339178523,yes
train_landmark_files/18796/133931535.parquet,18796,133931535,hello
train_landmark_files/16069/133977686.parquet,16069,133977686,yes
train_landmark_files/61333/1340046810.parquet,61333,1340046810,sad
train_landmark_files/36257/1340171863.parquet,36257,1340171863,sad
train_landmark_files/22343/1340265045.parquet,22343,1340265045,hello
train_landmark_files/49445/1340773756.parquet,49445,1340773756,hello
train_landmark_files/2044/1341879710.parquet,2044,1341879710,happy
train_landmark_files/2044/1342120105.parquet,2044,1342120105,please
train_landmark_files/2044/1342281740.parquet,2044,1342281740,thankyou
train_landmark_files/62590/134288068.parquet,62590,134288068,no
train_landmark_files/25571/1343046754.parquet,25571,1343046754,please
train_landmark_files/49445/1343767212.parquet,49445,1343767212,later
train_landmark_files/37055/1343804481.parquet,37055,1343804481,please
train_landmark_files/26734/134538440.parquet,26734,134538440,thankyou
train_landmark_files/36257/1347095359.parquet,36257,1347095359,thankyou
train_landmark_files/61333/1347972268.parquet,61333,1347972268,mom
train_landmark_files/4718/1348256760.parquet,4718,1348256760,please
train_landmark_files/37779/1348881118.parquet,37779,1348881118,thankyou
train_landmark_files/49445/1350511711.parquet,49445,1350511711,later
train_landmark_files/37779/1350980287.parquet,37779,1350980287,later
train_landmark_files/36257/1351898007.parquet,36257,1351898007,mom
train_landmark_files/55372/1353435564.parquet,55372,1353435564,dad
train_landmark_files/25571/135358695.parquet,25571,135358695,thankyou
train_landmark_files/4718/1353673683.parquet,4718,1353673683,yes
train_landmark_files/55372/1354041920.parquet,55372,1354041920,sad
train_landmark_files/34503/1355463996.parquet,34503,1355463996,yes
train_landmark_files/26734/1356359070.parquet,26734,1356359070,yes
train_landmark_files/26734/1356512131.parquet,26734,1356512131,no
train_landmark_files/27610/1356957694.parquet,27610,1356957694,hello
train_landmark_files/16069/1358040336.parquet,16069,1358040336,hello
train_landmark_files/30680/1358482506.parquet,30680,1358482506,happy
train_landmark_files/16069/1359495432.parquet,16069,1359495432,dad
train_landmark_files/32319/1359987058.parquet,32319,1359987058,yes
train_landmark_files/2044/1360046839.parquet,2044,1360046839,no
train_landmark_files/30680/1362640381.parquet,30680,1362640381,thankyou
train_landmark_files/2044/1363347947.parquet,2044,1363347947,happy
train_landmark_files/2044/1363780437.parquet,2044,1363780437,hello
train_landmark_files/29302/1363932407.parquet,29302,1363932407,hello
train_landmark_files/25571/1365958399.parquet,25571,1365958399,no
train_landmark_files/53618/1366344116.parquet,53618,1366344116,thankyou
train_landmark_files/2044/1366610599.parquet,2044,1366610599,yes
train_landmark_files/36257/1367471805.parquet,36257,1367471805,no
train_landmark_files/62590/1367875859.parquet,62590,1367875859,later
train_landmark_files/22343/1368201417.parquet,22343,1368201417,sad
train_landmark_files/27610/136823713.parquet,27610,136823713,please
train_landmark_files/2044/13689786.parquet,2044,13689786,yes
train_landmark_files/62590/1369386627.parquet,62590,1369386627,mom
train_landmark_files/16069/1369463557.parquet,16069,1369463557,no
train_landmark_files/53618/1371564017.parquet,53618,1371564017,hello
train_landmark_files/49445/1371658606.parquet,49445,1371658606,sad
train_landmark_files/28656/1371662967.parquet,28656,1371662967,dad
train_landmark_files/37779/1373202235.parquet,37779,1373202235,thankyou
train_landmark_files/2044/1373551901.parquet,2044,1373551901,sad
train_landmark_files/28656/1373677487.parquet,28656,1373677487,happy
train_landmark_files/49445/1374019940.parquet,49445,1374019940,mom
train_landmark_files/30680/1374483391.parquet,30680,1374483391,please
train_landmark_files/27610/1375215806.parquet,27610,1375215806,hello
train_landmark_files/55372/1375299561.parquet,55372,1375299561,please
train_landmark_files/18796/1375443107.parquet,18796,1375443107,no
train_landmark_files/22343/1376389559.parquet,22343,1376389559,hello
train_landmark_files/32319/1376817165.parquet,32319,1376817165,sad
train_landmark_files/26734/137691188.parquet,26734,137691188,mom
train_landmark_files/25571/1378123650.parquet,25571,1378123650,later
train_landmark_files/29302/137824330.parquet,29302,137824330,sad
train_landmark_files/37055/1379014477.parquet,37055,1379014477,happy
train_landmark_files/32319/1380512093.parquet,32319,1380512093,yes
train_landmark_files/22343/1380709787.parquet,22343,1380709787,please
train_landmark_files/34503/1380751820.parquet,34503,1380751820,thankyou
train_landmark_files/34503/1383069786.parquet,34503,1383069786,hello
train_landmark_files/62590/1383098928.parquet,62590,1383098928,please
train_landmark_files/55372/1383360944.parquet,55372,1383360944,thankyou
train_landmark_files/36257/1383732621.parquet,36257,1383732621,mom
train_landmark_files/29302/138653515.parquet,29302,138653515,happy
train_landmark_files/36257/1386723107.parquet,36257,1386723107,sad
train_landmark_files/49445/1386987150.parquet,49445,1386987150,happy
train_landmark_files/2044/1387751321.parquet,2044,1387751321,please
train_landmark_files/61333/138929023.parquet,61333,138929023,please
train_landmark_files/2044/1389923727.parquet,2044,1389923727,please
train_landmark_files/27610/1389960835.parquet,27610,1389960835,dad
train_landmark_files/37779/1391889598.parquet,37779,1391889598,thankyou
train_landmark_files/32319/1393792885.parquet,32319,1393792885,mom
train_landmark_files/27610/1394774691.parquet,27610,1394774691,happy
train_landmark_files/55372/1395270268.parquet,55372,1395270268,thankyou
train_landmark_files/36257/139608752.parquet,36257,139608752,please
train_landmark_files/18796/1398703655.parquet,18796,1398703655,yes
train_landmark_files/22343/1399292857.parquet,22343,1399292857,happy
train_landmark_files/49445/1400995642.parquet,49445,1400995642,please
train_landmark_files/62590/1401593818.parquet,62590,1401593818,sad
train_landmark_files/49445/1401897266.parquet,49445,1401897266,dad
train_landmark_files/32319/1402543336.parquet,32319,1402543336,hello
train_landmark_files/28656/1404687207.parquet,28656,1404687207,mom
train_landmark_files/4718/1404877424.parquet,4718,1404877424,later
train_landmark_files/62590/1405085916.parquet,62590,1405085916,happy
train_landmark_files/28656/1408082203.parquet,28656,1408082203,please
train_landmark_files/32319/1408128483.parquet,32319,1408128483,dad
train_landmark_files/29302/1408774761.parquet,29302,1408774761,mom
train_landmark_files/61333/1409505367.parquet,61333,1409505367,please
train_landmark_files/18796/1412998805.parquet,18796,1412998805,happy
train_landmark_files/28656/1415571862.parquet,28656,1415571862,sad
train_landmark_files/53618/1416681109.parquet,53618,1416681109,happy
train_landmark_files/37779/1416932162.parquet,37779,1416932162,dad
train_landmark_files/16069/1418615428.parquet,16069,1418615428,mom
train_landmark_files/2044/1419154249.parquet,2044,1419154249,sad
train_landmark_files/36257/1419535517.parquet,36257,1419535517,later
train_landmark_files/37055/1420493953.parquet,37055,1420493953,hello
train_landmark_files/22343/1420795619.parquet,22343,1420795619,mom
train_landmark_files/18796/1420920309.parquet,18796,1420920309,hello
train_landmark_files/4718/1421544907.parquet,4718,1421544907,please
train_landmark_files/37055/142292689.parquet,37055,142292689,hello
train_landmark_files/22343/1423236462.parquet,22343,1423236462,happy
train_landmark_files/29302/1424311032.parquet,29302,1424311032,happy
train_landmark_files/62590/1424399823.parquet,62590,1424399823,later
train_landmark_files/36257/142594916.parquet,36257,142594916,mom
train_landmark_files/28656/1426145383.parquet,28656,1426145383,happy
train_landmark_files/55372/1427196813.parquet,55372,1427196813,please
train_landmark_files/37055/14273237.parquet,37055,14273237,later
train_landmark_files/61333/1427966631.parquet,61333,1427966631,sad
train_landmark_files/34503/1428365339.parquet,34503,1428365339,no
train_landmark_files/18796/1428898969.parquet,18796,1428898969,please
train_landmark_files/61333/1429050638.parquet,61333,1429050638,no
train_landmark_files/61333/1430001747.parquet,61333,1430001747,happy
train_landmark_files/16069/1430039129.parquet,16069,1430039129,thankyou
train_landmark_files/16069/1430192906.parquet,16069,1430192906,sad
train_landmark_files/61333/1430295063.parquet,61333,1430295063,dad
train_landmark_files/37779/1431141759.parquet,37779,1431141759,no
train_landmark_files/2044/1431154586.parquet,2044,1431154586,thankyou
train_landmark_files/27610/1431533907.parquet,27610,1431533907,sad
train_landmark_files/34503/1432446003.parquet,34503,1432446003,later
train_landmark_files/49445/1433002341.parquet,49445,1433002341,mom
train_landmark_files/37779/1433867619.parquet,37779,1433867619,later
train_landmark_files/28656/1433873539.parquet,28656,1433873539,no
train_landmark_files/55372/1434900648.parquet,55372,1434900648,sad
train_landmark_files/16069/1434935574.parquet,16069,1434935574,later
train_landmark_files/55372/1436653148.parquet,55372,1436653148,please
train_landmark_files/30680/1437331539.parquet,30680,1437331539,thankyou
train_landmark_files/53618/1437395732.parquet,53618,1437395732,yes
train_landmark_files/22343/144048469.parquet,22343,144048469,mom
train_landmark_files/32319/1444526783.parquet,32319,1444526783,dad
train_landmark_files/2044/1445328794.parquet,2044,1445328794,sad
train_landmark_files/28656/144612782.parquet,28656,144612782,hello
train_landmark_files/36257/1446914617.parquet,36257,1446914617,thankyou
train_landmark_files/49445/1448193076.parquet,49445,1448193076,dad
train_landmark_files/62590/1448384128.parquet,62590,1448384128,please
train_landmark_files/36257/1450686935.parquet,36257,1450686935,yes
train_landmark_files/28656/1450973972.parquet,28656,1450973972,sad
train_landmark_files/22343/1452767299.parquet,22343,1452767299,sad
train_landmark_files/2044/1453048291.parquet,2044,1453048291,yes
train_landmark_files/62590/1453829875.parquet,62590,1453829875,hello
train_landmark_files/27610/1454393720.parquet,27610,1454393720,yes
train_landmark_files/61333/1454761857.parquet,61333,1454761857,happy
train_landmark_files/49445/145602269.parquet,49445,145602269,thankyou
train_landmark_files/61333/1457832218.parquet,61333,1457832218,thankyou
train_landmark_files/55372/1458242525.parquet,55372,1458242525,hello
train_landmark_files/16069/145907272.parquet,16069,145907272,happy
train_landmark_files/37779/1459110868.parquet,37779,1459110868,dad
train_landmark_files/30680/1459861559.parquet,30680,1459861559,happy
train_landmark_files/16069/1460834021.parquet,16069,1460834021,thankyou
train_landmark_files/18796/1461858294.parquet,18796,1461858294,hello
train_landmark_files/25571/1462763867.parquet,25571,1462763867,please
train_landmark_files/37055/1466303553.parquet,37055,1466303553,thankyou
train_landmark_files/29302/1466432099.parquet,29302,1466432099,dad
train_landmark_files/34503/146816120.parquet,34503,146816120,yes
train_landmark_files/26734/1470303248.parquet,26734,1470303248,yes
train_landmark_files/16069/147164063.parquet,16069,147164063,please
train_landmark_files/2044/1473388677.parquet,2044,1473388677,later
train_landmark_files/4718/1474156666.parquet,4718,1474156666,mom
train_landmark_files/61333/1474345895.parquet,61333,1474345895,hello
train_landmark_files/4718/1474598446.parquet,4718,1474598446,please
train_landmark_files/55372/1477168360.parquet,55372,1477168360,mom
train_landmark_files/37055/1478081534.parquet,37055,1478081534,mom
train_landmark_files/55372/1478604681.parquet,55372,1478604681,happy
train_landmark_files/2044/1479341136.parquet,2044,1479341136,hello
train_landmark_files/18796/1480443144.parquet,18796,1480443144,hello
train_landmark_files/30680/1480648604.parquet,30680,1480648604,no
train_landmark_files/61333/1480910773.parquet,61333,1480910773,thankyou
train_landmark_files/34503/1484370773.parquet,34503,1484370773,sad
train_landmark_files/27610/1484918207.parquet,27610,1484918207,hello
train_landmark_files/26734/1485710749.parquet,26734,1485710749,sad
train_landmark_files/22343/1485856881.parquet,22343,1485856881,dad
train_landmark_files/26734/1486919395.parquet,26734,1486919395,sad
train_landmark_files/22343/1487242410.parquet,22343,1487242410,mom
train_landmark_files/32319/1487675309.parquet,32319,1487675309,dad
train_landmark_files/30680/1487802912.parquet,30680,1487802912,no
train_landmark_files/49445/149001314.parquet,49445,149001314,later
train_landmark_files/4718/1490096504.parquet,4718,1490096504,yes
train_landmark_files/22343/1490291381.parquet,22343,1490291381,mom
train_landmark_files/2044/1490720380.parquet,2044,1490720380,hello
train_landmark_files/16069/1492473193.parquet,16069,1492473193,no
train_landmark_files/62590/1492539602.parquet,62590,1492539602,no
train_landmark_files/29302/149425292.parquet,29302,149425292,thankyou
train_landmark_files/28656/1496817000.parquet,28656,1496817000,thankyou
train_landmark_files/36257/1498258102.parquet,36257,1498258102,hello
train_landmark_files/16069/1501249757.parquet,16069,1501249757,happy
train_landmark_files/16069/1501334060.parquet,16069,1501334060,mom
train_landmark_files/61333/1502447943.parquet,61333,1502447943,dad
train_landmark_files/30680/1503087871.parquet,30680,1503087871,sad
train_landmark_files/22343/1503103820.parquet,22343,1503103820,sad
train_landmark_files/49445/1503201872.parquet,49445,1503201872,mom
train_landmark_files/53618/1505435872.parquet,53618,1505435872,dad
train_landmark_files/16069/1506565432.parquet,16069,1506565432,yes
train_landmark_files/18796/1507538917.parquet,18796,1507538917,later
train_landmark_files/34503/1507544434.parquet,34503,1507544434,happy
train_landmark_files/55372/1511226367.parquet,55372,1511226367,sad
train_landmark_files/32319/151431781.parquet,32319,151431781,no
train_landmark_files/49445/1514584607.parquet,49445,1514584607,sad
train_landmark_files/62590/1516112845.parquet,62590,1516112845,later
train_landmark_files/28656/1516662720.parquet,28656,1516662720,mom
train_landmark_files/28656/1518409495.parquet,28656,1518409495,hello
train_landmark_files/25571/1519286090.parquet,25571,1519286090,mom
train_landmark_files/34503/1519962600.parquet,34503,1519962600,please
train_landmark_files/32319/1522404120.parquet,32319,1522404120,mom
train_landmark_files/61333/1522900842.parquet,61333,1522900842,no
train_landmark_files/2044/1526317263.parquet,2044,1526317263,dad
train_landmark_files/22343/1526639096.parquet,22343,1526639096,thankyou
train_landmark_files/53618/1527099763.parquet,53618,1527099763,dad
train_landmark_files/37055/1527308335.parquet,37055,1527308335,thankyou
train_landmark_files/37779/1528160694.parquet,37779,1528160694,dad
train_landmark_files/49445/1528254909.parquet,49445,1528254909,mom
train_landmark_files/30680/1530425113.parquet,30680,1530425113,sad
train_landmark_files/53618/1530844560.parquet,53618,1530844560,no
train_landmark_files/18796/1532234057.parquet,18796,1532234057,please
train_landmark_files/30680/1532271920.parquet,30680,1532271920,hello
train_landmark_files/53618/1534208924.parquet,53618,1534208924,no
train_landmark_files/30680/1534923659.parquet,30680,1534923659,yes
train_landmark_files/62590/1535635384.parquet,62590,1535635384,yes
train_landmark_files/16069/1536748326.parquet,16069,1536748326,sad
train_landmark_files/53618/1537737859.parquet,53618,1537737859,mom
train_landmark_files/49445/1538014224.parquet,49445,1538014224,please
train_landmark_files/28656/1538338091.parquet,28656,1538338091,yes
train_landmark_files/27610/153957324.parquet,27610,153957324,please
train_landmark_files/53618/1540926081.parquet,53618,1540926081,yes
train_landmark_files/30680/1541327052.parquet,30680,1541327052,hello
train_landmark_files/29302/1541520889.parquet,29302,1541520889,yes
train_landmark_files/55372/1541572856.parquet,55372,1541572856,thankyou
train_landmark_files/34503/1542297235.parquet,34503,1542297235,yes
train_landmark_files/28656/1547797345.parquet,28656,1547797345,sad
train_landmark_files/4718/1548704488.parquet,4718,1548704488,yes
train_landmark_files/16069/1549289519.parquet,16069,1549289519,later
train_landmark_files/18796/1552118744.parquet,18796,1552118744,happy
train_landmark_files/62590/1555460480.parquet,62590,1555460480,happy
train_landmark_files/2044/1555907311.parquet,2044,1555907311,please
train_landmark_files/61333/1556813879.parquet,61333,1556813879,yes
train_landmark_files/34503/1557020658.parquet,34503,1557020658,thankyou
train_landmark_files/22343/1557309670.parquet,22343,1557309670,sad
train_landmark_files/36257/1557454795.parquet,36257,1557454795,mom
train_landmark_files/29302/1557494874.parquet,29302,1557494874,yes
train_landmark_files/34503/1558660428.parquet,34503,1558660428,yes
train_landmark_files/25571/1559427378.parquet,25571,1559427378,no
train_landmark_files/37779/1562286201.parquet,37779,1562286201,yes
train_landmark_files/53618/1563899649.parquet,53618,1563899649,mom
train_landmark_files/28656/1565566899.parquet,28656,1565566899,sad
train_landmark_files/27610/1566899945.parquet,27610,1566899945,yes
train_landmark_files/53618/1567060986.parquet,53618,1567060986,mom
train_landmark_files/27610/1567117684.parquet,27610,1567117684,no
train_landmark_files/29302/1567283048.parquet,29302,1567283048,please
train_landmark_files/30680/1567363673.parquet,30680,1567363673,sad
train_landmark_files/61333/1568873489.parquet,61333,1568873489,please
train_landmark_files/16069/1569910449.parquet,16069,1569910449,hello
train_landmark_files/27610/1572265641.parquet,27610,1572265641,mom
train_landmark_files/62590/157239100.parquet,62590,157239100,sad
train_landmark_files/18796/1572391550.parquet,18796,1572391550,thankyou
train_landmark_files/25571/1573336329.parquet,25571,1573336329,later
train_landmark_files/22343/1576514223.parquet,22343,1576514223,hello
train_landmark_files/49445/1580253840.parquet,49445,1580253840,yes
train_landmark_files/25571/158030513.parquet,25571,158030513,hello
train_landmark_files/49445/1580503975.parquet,49445,1580503975,hello
train_landmark_files/53618/1581405764.parquet,53618,1581405764,sad
train_landmark_files/61333/1582780717.parquet,61333,1582780717,happy
train_landmark_files/34503/1583030985.parquet,34503,1583030985,yes
train_landmark_files/4718/1583502477.parquet,4718,1583502477,dad
train_landmark_files/32319/1584502388.parquet,32319,1584502388,thankyou
train_landmark_files/37055/1584811161.parquet,37055,1584811161,sad
train_landmark_files/61333/1585634460.parquet,61333,1585634460,dad
train_landmark_files/49445/1586049433.parquet,49445,1586049433,sad
train_landmark_files/55372/1587915579.parquet,55372,1587915579,hello
train_landmark_files/2044/1589480509.parquet,2044,1589480509,happy
train_landmark_files/4718/1589997142.parquet,4718,1589997142,yes
train_landmark_files/26734/1590338948.parquet,26734,1590338948,happy
train_landmark_files/30680/1591448034.parquet,30680,1591448034,hello
train_landmark_files/28656/1594691013.parquet,28656,1594691013,dad
train_landmark_files/26734/1595834466.parquet,26734,1595834466,happy
train_landmark_files/4718/1595954575.parquet,4718,1595954575,happy
train_landmark_files/30680/1596970294.parquet,30680,1596970294,no
train_landmark_files/61333/1600178530.parquet,61333,1600178530,dad
train_landmark_files/36257/1600280609.parquet,36257,1600280609,later
train_landmark_files/61333/1602210540.parquet,61333,1602210540,later
train_landmark_files/32319/1603003698.parquet,32319,1603003698,mom
train_landmark_files/37779/1603597423.parquet,37779,1603597423,later
train_landmark_files/49445/1603631219.parquet,49445,1603631219,thankyou
train_landmark_files/53618/1604799659.parquet,53618,1604799659,no
train_landmark_files/53618/160513019.parquet,53618,160513019,happy
train_landmark_files/27610/1609837057.parquet,27610,1609837057,no
train_landmark_files/18796/1610553730.parquet,18796,1610553730,later
train_landmark_files/27610/1612146503.parquet,27610,1612146503,sad
train_landmark_files/29302/1614668396.parquet,29302,1614668396,later
train_landmark_files/49445/1618257427.parquet,49445,1618257427,please
train_landmark_files/30680/1620201877.parquet,30680,1620201877,happy
train_landmark_files/18796/1622050102.parquet,18796,1622050102,please
train_landmark_files/29302/1622410625.parquet,29302,1622410625,dad
train_landmark_files/49445/1622915735.parquet,49445,1622915735,dad
train_landmark_files/55372/1622999837.parquet,55372,1622999837,sad
train_landmark_files/34503/1623202417.parquet,34503,1623202417,no
train_landmark_files/62590/1623473625.parquet,62590,1623473625,later
train_landmark_files/30680/1624678480.parquet,30680,1624678480,please
train_landmark_files/53618/162519428.parquet,53618,162519428,happy
train_landmark_files/27610/1625628459.parquet,27610,1625628459,mom
train_landmark_files/37779/1626068594.parquet,37779,1626068594,no
train_landmark_files/29302/1626513618.parquet,29302,1626513618,thankyou
train_landmark_files/22343/1626633260.parquet,22343,1626633260,hello
train_landmark_files/49445/1626651992.parquet,49445,1626651992,happy
train_landmark_files/37055/1627785169.parquet,37055,1627785169,yes
train_landmark_files/37779/1628336592.parquet,37779,1628336592,mom
train_landmark_files/36257/1633379889.parquet,36257,1633379889,dad
train_landmark_files/22343/1633411280.parquet,22343,1633411280,no
train_landmark_files/27610/1633702964.parquet,27610,1633702964,happy
train_landmark_files/34503/1634156169.parquet,34503,1634156169,happy
train_landmark_files/34503/1634755357.parquet,34503,1634755357,yes
train_landmark_files/49445/1635447813.parquet,49445,1635447813,happy
train_landmark_files/28656/1635692280.parquet,28656,1635692280,later
train_landmark_files/22343/1636415846.parquet,22343,1636415846,please
train_landmark_files/32319/1637265867.parquet,32319,1637265867,no
train_landmark_files/29302/1637443954.parquet,29302,1637443954,dad
train_landmark_files/4718/1638390970.parquet,4718,1638390970,thankyou
train_landmark_files/37779/1639492119.parquet,37779,1639492119,dad
train_landmark_files/37055/1640674515.parquet,37055,1640674515,happy
train_landmark_files/55372/1641127066.parquet,55372,1641127066,later
train_landmark_files/49445/1642907272.parquet,49445,1642907272,dad
train_landmark_files/29302/1645825500.parquet,29302,1645825500,mom
train_landmark_files/30680/1646721515.parquet,30680,1646721515,hello
train_landmark_files/30680/1648432926.parquet,30680,1648432926,no
train_landmark_files/22343/1648875823.parquet,22343,1648875823,happy
train_landmark_files/61333/1648951568.parquet,61333,1648951568,sad
train_landmark_files/62590/1649689057.parquet,62590,1649689057,please
train_landmark_files/25571/1650153026.parquet,25571,1650153026,hello
train_landmark_files/22343/1651074660.parquet,22343,1651074660,sad
train_landmark_files/28656/1651248595.parquet,28656,1651248595,yes
train_landmark_files/28656/1651554753.parquet,28656,1651554753,sad
train_landmark_files/27610/1652446868.parquet,27610,1652446868,thankyou
train_landmark_files/36257/1655452098.parquet,36257,1655452098,yes
train_landmark_files/4718/1656800620.parquet,4718,1656800620,dad
train_landmark_files/36257/1658061045.parquet,36257,1658061045,please
train_landmark_files/49445/1658230635.parquet,49445,1658230635,yes
train_landmark_files/36257/1658508045.parquet,36257,1658508045,sad
train_landmark_files/30680/1658564347.parquet,30680,1658564347,no
train_landmark_files/25571/1659008285.parquet,25571,1659008285,yes
train_landmark_files/37779/1659805232.parquet,37779,1659805232,mom
train_landmark_files/36257/1660024756.parquet,36257,1660024756,mom
train_landmark_files/55372/1660155900.parquet,55372,1660155900,mom
train_landmark_files/27610/1660236330.parquet,27610,1660236330,happy
train_landmark_files/22343/1660878711.parquet,22343,1660878711,yes
train_landmark_files/62590/1661694777.parquet,62590,1661694777,please
train_landmark_files/25571/1662026006.parquet,25571,1662026006,sad
train_landmark_files/37779/1662879821.parquet,37779,1662879821,later
train_landmark_files/32319/166399091.parquet,32319,166399091,thankyou
train_landmark_files/29302/1664530302.parquet,29302,1664530302,no
train_landmark_files/22343/1664631478.parquet,22343,1664631478,yes
train_landmark_files/26734/1664645728.parquet,26734,1664645728,please
train_landmark_files/62590/1664675530.parquet,62590,1664675530,happy
train_landmark_files/27610/1666566860.parquet,27610,1666566860,thankyou
train_landmark_files/55372/1667891080.parquet,55372,1667891080,thankyou
train_landmark_files/27610/1668028925.parquet,27610,1668028925,later
train_landmark_files/16069/166861487.parquet,16069,166861487,yes
train_landmark_files/27610/1670026216.parquet,27610,1670026216,happy
train_landmark_files/29302/1670742132.parquet,29302,1670742132,dad
train_landmark_files/55372/1671326947.parquet,55372,1671326947,please
train_landmark_files/62590/1672173811.parquet,62590,1672173811,dad
train_landmark_files/28656/1675752590.parquet,28656,1675752590,mom
train_landmark_files/32319/1676179618.parquet,32319,1676179618,happy
train_landmark_files/55372/1678590723.parquet,55372,1678590723,thankyou
train_landmark_files/34503/1679347675.parquet,34503,1679347675,happy
train_landmark_files/55372/1679480460.parquet,55372,1679480460,no
train_landmark_files/16069/1679495134.parquet,16069,1679495134,yes
train_landmark_files/32319/1679653710.parquet,32319,1679653710,thankyou
train_landmark_files/28656/1681929544.parquet,28656,1681929544,sad
train_landmark_files/61333/1683170441.parquet,61333,1683170441,thankyou
train_landmark_files/25571/1684300449.parquet,25571,1684300449,please
train_landmark_files/22343/1685434710.parquet,22343,1685434710,dad
train_landmark_files/29302/168553603.parquet,29302,168553603,mom
train_landmark_files/37779/1685644844.parquet,37779,1685644844,later
train_landmark_files/26734/1686768683.parquet,26734,1686768683,thankyou
train_landmark_files/28656/1687829760.parquet,28656,1687829760,no
train_landmark_files/16069/1687833435.parquet,16069,1687833435,later
train_landmark_files/22343/1690088756.parquet,22343,1690088756,sad
train_landmark_files/29302/1690891686.parquet,29302,1690891686,hello
train_landmark_files/25571/1691663282.parquet,25571,1691663282,please
train_landmark_files/37779/1694160298.parquet,37779,1694160298,hello
train_landmark_files/16069/1694877003.parquet,16069,1694877003,mom
train_landmark_files/16069/1695422525.parquet,16069,1695422525,hello
train_landmark_files/22343/1695764955.parquet,22343,1695764955,happy
train_landmark_files/29302/1695925160.parquet,29302,1695925160,later
train_landmark_files/55372/1695952584.parquet,55372,1695952584,no
train_landmark_files/2044/169610781.parquet,2044,169610781,later
train_landmark_files/37779/1696871055.parquet,37779,1696871055,happy
train_landmark_files/22343/16973838.parquet,22343,16973838,yes
train_landmark_files/16069/1699425999.parquet,16069,1699425999,dad
train_landmark_files/28656/1702046456.parquet,28656,1702046456,thankyou
train_landmark_files/61333/1702898225.parquet,61333,1702898225,later
train_landmark_files/22343/1703218500.parquet,22343,1703218500,later
train_landmark_files/30680/1705232714.parquet,30680,1705232714,dad
train_landmark_files/28656/1711447178.parquet,28656,1711447178,happy
train_landmark_files/28656/1717182888.parquet,28656,1717182888,hello
train_landmark_files/53618/1718411218.parquet,53618,1718411218,mom
train_landmark_files/4718/1718466493.parquet,4718,1718466493,happy
train_landmark_files/2044/1720005367.parquet,2044,1720005367,sad
train_landmark_files/28656/172183156.parquet,28656,172183156,dad
train_landmark_files/2044/1722436145.parquet,2044,1722436145,hello
train_landmark_files/61333/1723762793.parquet,61333,1723762793,thankyou
train_landmark_files/49445/1724227299.parquet,49445,1724227299,thankyou
train_landmark_files/28656/1727068819.parquet,28656,1727068819,please
train_landmark_files/22343/1728391002.parquet,22343,1728391002,thankyou
train_landmark_files/26734/1728893550.parquet,26734,1728893550,thankyou
train_landmark_files/61333/1728918635.parquet,61333,1728918635,later
train_landmark_files/26734/1730301134.parquet,26734,1730301134,dad
train_landmark_files/55372/1731580286.parquet,55372,1731580286,hello
train_landmark_files/26734/1732250628.parquet,26734,1732250628,happy
train_landmark_files/28656/173557091.parquet,28656,173557091,hello
train_landmark_files/61333/1737774938.parquet,61333,1737774938,thankyou
train_landmark_files/55372/1738160474.parquet,55372,1738160474,sad
train_landmark_files/62590/1738245557.parquet,62590,1738245557,later
train_landmark_files/62590/1738393236.parquet,62590,1738393236,hello
train_landmark_files/53618/1738843683.parquet,53618,1738843683,sad
train_landmark_files/4718/1739063978.parquet,4718,1739063978,yes
train_landmark_files/36257/1741948669.parquet,36257,1741948669,hello
train_landmark_files/55372/1743724140.parquet,55372,1743724140,no
train_landmark_files/55372/1744493549.parquet,55372,1744493549,sad
train_landmark_files/29302/174567443.parquet,29302,174567443,no
train_landmark_files/61333/1746719638.parquet,61333,1746719638,mom
train_landmark_files/32319/1747277822.parquet,32319,1747277822,dad
train_landmark_files/28656/1747524235.parquet,28656,1747524235,dad
train_landmark_files/2044/1748715859.parquet,2044,1748715859,thankyou
train_landmark_files/37779/1748796500.parquet,37779,1748796500,sad
train_landmark_files/30680/1750258715.parquet,30680,1750258715,please
train_landmark_files/34503/1753542090.parquet,34503,1753542090,sad
train_landmark_files/26734/175547429.parquet,26734,175547429,dad
train_landmark_files/26734/1756339149.parquet,26734,1756339149,please
train_landmark_files/18796/1758214673.parquet,18796,1758214673,thankyou
train_landmark_files/61333/1758315036.parquet,61333,1758315036,hello
train_landmark_files/28656/175837478.parquet,28656,175837478,sad
train_landmark_files/62590/1758441485.parquet,62590,1758441485,dad
train_landmark_files/22343/1758697838.parquet,22343,1758697838,happy
train_landmark_files/26734/1758912124.parquet,26734,1758912124,thankyou
train_landmark_files/32319/1760362596.parquet,32319,1760362596,please
train_landmark_files/25571/1760898690.parquet,25571,1760898690,happy
train_landmark_files/37779/176121668.parquet,37779,176121668,sad
train_landmark_files/32319/1761751094.parquet,32319,1761751094,sad
train_landmark_files/62590/1762263219.parquet,62590,1762263219,sad
train_landmark_files/29302/1762569357.parquet,29302,1762569357,dad
train_landmark_files/55372/1762933473.parquet,55372,1762933473,no
train_landmark_files/62590/1763369118.parquet,62590,1763369118,mom
train_landmark_files/37055/1763710507.parquet,37055,1763710507,hello
train_landmark_files/25571/1765680902.parquet,25571,1765680902,happy
train_landmark_files/27610/1766106861.parquet,27610,1766106861,no
train_landmark_files/22343/1768537376.parquet,22343,1768537376,sad
train_landmark_files/30680/1770420604.parquet,30680,1770420604,hello
train_landmark_files/36257/1770728524.parquet,36257,1770728524,please
train_landmark_files/26734/1770778196.parquet,26734,1770778196,thankyou
train_landmark_files/26734/1772789111.parquet,26734,1772789111,thankyou
train_landmark_files/16069/177408363.parquet,16069,177408363,later
train_landmark_files/34503/177491785.parquet,34503,177491785,happy
train_landmark_files/49445/1777899409.parquet,49445,1777899409,dad
train_landmark_files/32319/177904047.parquet,32319,177904047,thankyou
train_landmark_files/53618/1779293346.parquet,53618,1779293346,hello
train_landmark_files/37779/1779410643.parquet,37779,1779410643,happy
train_landmark_files/53618/1780540079.parquet,53618,1780540079,later
train_landmark_files/28656/1781217772.parquet,28656,1781217772,no
train_landmark_files/32319/178402284.parquet,32319,178402284,hello
train_landmark_files/22343/1785228241.parquet,22343,1785228241,happy
train_landmark_files/37055/1785597521.parquet,37055,1785597521,dad
train_landmark_files/29302/1786208342.parquet,29302,1786208342,mom
train_landmark_files/4718/1787323451.parquet,4718,1787323451,dad
train_landmark_files/36257/1787748341.parquet,36257,1787748341,hello
train_landmark_files/25571/1788642010.parquet,25571,1788642010,no
train_landmark_files/53618/1788681970.parquet,53618,1788681970,happy
train_landmark_files/28656/1789213591.parquet,28656,1789213591,please
train_landmark_files/32319/1790067851.parquet,32319,1790067851,please
train_landmark_files/34503/1790147578.parquet,34503,1790147578,mom
train_landmark_files/62590/1790169371.parquet,62590,1790169371,later
train_landmark_files/16069/1790248637.parquet,16069,1790248637,no
train_landmark_files/49445/1791125679.parquet,49445,1791125679,dad
train_landmark_files/2044/1791325891.parquet,2044,1791325891,later
train_landmark_files/26734/1791959325.parquet,26734,1791959325,yes
train_landmark_files/37055/1793144608.parquet,37055,1793144608,yes
train_landmark_files/16069/1793242412.parquet,16069,1793242412,mom
train_landmark_files/32319/1793687279.parquet,32319,1793687279,thankyou
train_landmark_files/37779/1798230870.parquet,37779,1798230870,yes
train_landmark_files/4718/1798378368.parquet,4718,1798378368,please
train_landmark_files/36257/1798798430.parquet,36257,1798798430,later
train_landmark_files/37055/1799175294.parquet,37055,1799175294,yes
train_landmark_files/49445/1799648923.parquet,49445,1799648923,thankyou
train_landmark_files/27610/1799668514.parquet,27610,1799668514,please
train_landmark_files/55372/1799985434.parquet,55372,1799985434,hello
train_landmark_files/55372/1800401794.parquet,55372,1800401794,happy
train_landmark_files/18796/180058976.parquet,18796,180058976,hello
train_landmark_files/49445/1801593615.parquet,49445,1801593615,hello
train_landmark_files/61333/1802064932.parquet,61333,1802064932,hello
train_landmark_files/25571/180248674.parquet,25571,180248674,happy
train_landmark_files/53618/1804150252.parquet,53618,1804150252,later
train_landmark_files/16069/1806164625.parquet,16069,1806164625,no
train_landmark_files/26734/1806465878.parquet,26734,1806465878,yes
train_landmark_files/27610/1806552316.parquet,27610,1806552316,hello
train_landmark_files/37779/1806808783.parquet,37779,1806808783,happy
train_landmark_files/62590/1807940373.parquet,62590,1807940373,yes
train_landmark_files/61333/1808523857.parquet,61333,1808523857,mom
train_landmark_files/62590/180860666.parquet,62590,180860666,no
train_landmark_files/62590/1808929501.parquet,62590,1808929501,later
train_landmark_files/16069/1809070812.parquet,16069,1809070812,dad
train_landmark_files/18796/1809858038.parquet,18796,1809858038,later
train_landmark_files/49445/1810679966.parquet,49445,1810679966,dad
train_landmark_files/4718/1811635389.parquet,4718,1811635389,please
train_landmark_files/30680/1812113377.parquet,30680,1812113377,hello
train_landmark_files/49445/1812592982.parquet,49445,1812592982,thankyou
train_landmark_files/16069/1812782319.parquet,16069,1812782319,yes
train_landmark_files/2044/1812813451.parquet,2044,1812813451,yes
train_landmark_files/2044/1813099846.parquet,2044,1813099846,thankyou
train_landmark_files/49445/1814940418.parquet,49445,1814940418,yes
train_landmark_files/26734/1815649335.parquet,26734,1815649335,hello
train_landmark_files/30680/1815853992.parquet,30680,1815853992,no
train_landmark_files/28656/1816075967.parquet,28656,1816075967,later
train_landmark_files/62590/1818434818.parquet,62590,1818434818,mom
train_landmark_files/36257/181977841.parquet,36257,181977841,no
train_landmark_files/28656/1820046678.parquet,28656,1820046678,no
train_landmark_files/4718/1820890557.parquet,4718,1820890557,dad
train_landmark_files/29302/1821659952.parquet,29302,1821659952,hello
train_landmark_files/25571/182174736.parquet,25571,182174736,happy
train_landmark_files/37055/1823022051.parquet,37055,1823022051,happy
train_landmark_files/62590/1823101043.parquet,62590,1823101043,yes
train_landmark_files/53618/1823440036.parquet,53618,1823440036,no
train_landmark_files/62590/1824072110.parquet,62590,1824072110,happy
train_landmark_files/55372/1824902935.parquet,55372,1824902935,yes
train_landmark_files/37779/1825189210.parquet,37779,1825189210,hello
train_landmark_files/28656/1826108619.parquet,28656,1826108619,yes
train_landmark_files/29302/1826958196.parquet,29302,1826958196,mom
train_landmark_files/36257/1827012020.parquet,36257,1827012020,hello
train_landmark_files/30680/1827415132.parquet,30680,1827415132,no
train_landmark_files/49445/1828007445.parquet,49445,1828007445,happy
train_landmark_files/29302/182868503.parquet,29302,182868503,thankyou
train_landmark_files/16069/1829410005.parquet,16069,1829410005,sad
train_landmark_files/26734/1830554575.parquet,26734,1830554575,hello
train_landmark_files/27610/1831144740.parquet,27610,1831144740,hello
train_landmark_files/34503/1834010172.parquet,34503,1834010172,no
train_landmark_files/55372/1834090892.parquet,55372,1834090892,later
train_landmark_files/25571/1834136455.parquet,25571,1834136455,mom
train_landmark_files/26734/1837397770.parquet,26734,1837397770,later
train_landmark_files/62590/1839230519.parquet,62590,1839230519,please
train_landmark_files/2044/1839694002.parquet,2044,1839694002,mom
train_landmark_files/36257/1839981395.parquet,36257,1839981395,later
train_landmark_files/36257/1840117916.parquet,36257,1840117916,later
train_landmark_files/53618/1841813235.parquet,53618,1841813235,dad
train_landmark_files/2044/184481280.parquet,2044,184481280,no
train_landmark_files/25571/1845061321.parquet,25571,1845061321,please
train_landmark_files/29302/184717285.parquet,29302,184717285,yes
train_landmark_files/62590/1848657313.parquet,62590,1848657313,please
train_landmark_files/16069/1849352888.parquet,16069,1849352888,please
train_landmark_files/62590/1853484723.parquet,62590,1853484723,thankyou
train_landmark_files/16069/1854057666.parquet,16069,1854057666,later
train_landmark_files/49445/1854389517.parquet,49445,1854389517,later
train_landmark_files/36257/185543310.parquet,36257,185543310,hello
train_landmark_files/55372/1855486104.parquet,55372,1855486104,sad
train_landmark_files/26734/1856328545.parquet,26734,1856328545,dad
train_landmark_files/49445/1857934386.parquet,49445,1857934386,no
train_landmark_files/18796/1858970524.parquet,18796,1858970524,dad
train_landmark_files/36257/1859149879.parquet,36257,1859149879,mom
train_landmark_files/2044/185948800.parquet,2044,185948800,thankyou
train_landmark_files/2044/1859992855.parquet,2044,1859992855,happy
train_landmark_files/28656/1860399661.parquet,28656,1860399661,later
train_landmark_files/22343/1861083470.parquet,22343,1861083470,yes
train_landmark_files/27610/1861763915.parquet,27610,1861763915,sad
train_landmark_files/62590/186373316.parquet,62590,186373316,happy
train_landmark_files/16069/1863779577.parquet,16069,1863779577,yes
train_landmark_files/61333/1863970195.parquet,61333,1863970195,thankyou
train_landmark_files/62590/1864073097.parquet,62590,1864073097,thankyou
train_landmark_files/32319/1864456539.parquet,32319,1864456539,please
train_landmark_files/37055/1865078793.parquet,37055,1865078793,happy
train_landmark_files/34503/1867240369.parquet,34503,1867240369,happy
train_landmark_files/32319/186732837.parquet,32319,186732837,later
train_landmark_files/37779/1868267334.parquet,37779,1868267334,dad
train_landmark_files/4718/1869274463.parquet,4718,1869274463,mom
train_landmark_files/37779/1871899605.parquet,37779,1871899605,please
train_landmark_files/28656/1872050114.parquet,28656,1872050114,yes
train_landmark_files/30680/187270054.parquet,30680,187270054,please
train_landmark_files/28656/1874588497.parquet,28656,1874588497,thankyou
train_landmark_files/37779/1874763966.parquet,37779,1874763966,hello
train_landmark_files/16069/1876215141.parquet,16069,1876215141,yes
train_landmark_files/61333/1877250915.parquet,61333,1877250915,later
train_landmark_files/37055/1877703932.parquet,37055,1877703932,no
train_landmark_files/49445/1877980725.parquet,49445,1877980725,hello
train_landmark_files/26734/1878474806.parquet,26734,1878474806,please
train_landmark_files/32319/1879110281.parquet,32319,1879110281,sad
train_landmark_files/62590/1879212882.parquet,62590,1879212882,thankyou
train_landmark_files/55372/1880631375.parquet,55372,1880631375,later
train_landmark_files/18796/1881807332.parquet,18796,1881807332,mom
train_landmark_files/61333/1884250692.parquet,61333,1884250692,please
train_landmark_files/25571/1884618312.parquet,25571,1884618312,thankyou
train_landmark_files/32319/1886541867.parquet,32319,1886541867,later
train_landmark_files/32319/1887653216.parquet,32319,1887653216,later
train_landmark_files/61333/1888051199.parquet,61333,1888051199,hello
train_landmark_files/26734/1891349708.parquet,26734,1891349708,happy
train_landmark_files/2044/1891985074.parquet,2044,1891985074,mom
train_landmark_files/22343/1892094583.parquet,22343,1892094583,later
train_landmark_files/30680/1893642628.parquet,30680,1893642628,hello
train_landmark_files/32319/1894664826.parquet,32319,1894664826,yes
train_landmark_files/2044/1897791491.parquet,2044,1897791491,no
train_landmark_files/16069/1898017632.parquet,16069,1898017632,please
train_landmark_files/36257/1898817471.parquet,36257,1898817471,later
train_landmark_files/36257/190052924.parquet,36257,190052924,later
train_landmark_files/32319/1900711230.parquet,32319,1900711230,no
train_landmark_files/61333/1902358689.parquet,61333,1902358689,yes
train_landmark_files/36257/19027503.parquet,36257,19027503,please
train_landmark_files/49445/1905372563.parquet,49445,1905372563,later
train_landmark_files/16069/1905632864.parquet,16069,1905632864,happy
train_landmark_files/30680/1906016504.parquet,30680,1906016504,hello
train_landmark_files/27610/1906320823.parquet,27610,1906320823,thankyou
train_landmark_files/36257/1906552585.parquet,36257,1906552585,no
train_landmark_files/25571/1906860853.parquet,25571,1906860853,please
train_landmark_files/62590/1908066446.parquet,62590,1908066446,happy
train_landmark_files/62590/1908235635.parquet,62590,1908235635,dad
train_landmark_files/34503/1909019940.parquet,34503,1909019940,later
train_landmark_files/37055/1909764368.parquet,37055,1909764368,later
train_landmark_files/29302/1910042702.parquet,29302,1910042702,thankyou
train_landmark_files/53618/1911519086.parquet,53618,1911519086,later
train_landmark_files/2044/1914118997.parquet,2044,1914118997,sad
train_landmark_files/37055/1914325462.parquet,37055,1914325462,please
train_landmark_files/4718/1915567917.parquet,4718,1915567917,happy
train_landmark_files/18796/1916088215.parquet,18796,1916088215,sad
train_landmark_files/36257/1916562557.parquet,36257,1916562557,mom
train_landmark_files/2044/1917742070.parquet,2044,1917742070,dad
train_landmark_files/16069/1920970428.parquet,16069,1920970428,dad
train_landmark_files/29302/1921145287.parquet,29302,1921145287,hello
train_landmark_files/53618/1924533634.parquet,53618,1924533634,later
train_landmark_files/49445/1925998736.parquet,49445,1925998736,thankyou
train_landmark_files/36257/1927359221.parquet,36257,1927359221,yes
train_landmark_files/32319/1927621879.parquet,32319,1927621879,sad
train_landmark_files/37055/1928981510.parquet,37055,1928981510,yes
train_landmark_files/27610/1929952806.parquet,27610,1929952806,please
train_landmark_files/2044/1930703763.parquet,2044,1930703763,no
train_landmark_files/55372/1931467888.parquet,55372,1931467888,yes
train_landmark_files/29302/1932567329.parquet,29302,1932567329,hello
train_landmark_files/16069/1933462397.parquet,16069,1933462397,thankyou
train_landmark_files/27610/193398524.parquet,27610,193398524,later
train_landmark_files/16069/1936054378.parquet,16069,1936054378,dad
train_landmark_files/4718/1936741062.parquet,4718,1936741062,no
train_landmark_files/37779/1937114500.parquet,37779,1937114500,thankyou
train_landmark_files/53618/1937195292.parquet,53618,1937195292,sad
train_landmark_files/2044/1938982664.parquet,2044,1938982664,no
train_landmark_files/30680/1939231344.parquet,30680,1939231344,hello
train_landmark_files/34503/1939277730.parquet,34503,1939277730,please
train_landmark_files/37055/1946545172.parquet,37055,1946545172,thankyou
train_landmark_files/32319/1946621452.parquet,32319,1946621452,mom
train_landmark_files/32319/1948250725.parquet,32319,1948250725,hello
train_landmark_files/18796/1949464329.parquet,18796,1949464329,dad
train_landmark_files/37779/1949650190.parquet,37779,1949650190,thankyou
train_landmark_files/26734/1950448485.parquet,26734,1950448485,no
train_landmark_files/16069/1951174594.parquet,16069,1951174594,hello
train_landmark_files/22343/1951966224.parquet,22343,1951966224,sad
train_landmark_files/29302/1952678524.parquet,29302,1952678524,happy
train_landmark_files/34503/1953632270.parquet,34503,1953632270,happy
train_landmark_files/27610/1954044995.parquet,27610,1954044995,dad
train_landmark_files/37779/1954059066.parquet,37779,1954059066,no
train_landmark_files/29302/1954551149.parquet,29302,1954551149,thankyou
train_landmark_files/30680/1954730051.parquet,30680,1954730051,yes
train_landmark_files/49445/195491904.parquet,49445,195491904,later
train_landmark_files/37055/1955467120.parquet,37055,1955467120,hello
train_landmark_files/25571/19576973.parquet,25571,19576973,happy
train_landmark_files/32319/1958327702.parquet,32319,1958327702,thankyou
train_landmark_files/37779/1962876455.parquet,37779,1962876455,please
train_landmark_files/36257/1965191827.parquet,36257,1965191827,please
train_landmark_files/32319/1965818057.parquet,32319,1965818057,no
train_landmark_files/26734/1966617329.parquet,26734,1966617329,thankyou
train_landmark_files/53618/1969539755.parquet,53618,1969539755,later
train_landmark_files/28656/1970021516.parquet,28656,1970021516,please
train_landmark_files/29302/1972942978.parquet,29302,1972942978,no
train_landmark_files/55372/1974016273.parquet,55372,1974016273,happy
train_landmark_files/55372/1975326539.parquet,55372,1975326539,mom
train_landmark_files/25571/1975540135.parquet,25571,1975540135,later
train_landmark_files/37779/1975541092.parquet,37779,1975541092,yes
train_landmark_files/30680/1976409316.parquet,30680,1976409316,thankyou
train_landmark_files/36257/1976843205.parquet,36257,1976843205,sad
train_landmark_files/53618/198009508.parquet,53618,198009508,sad
train_landmark_files/28656/1982198291.parquet,28656,1982198291,happy
train_landmark_files/4718/1983249874.parquet,4718,1983249874,please
train_landmark_files/29302/1985182269.parquet,29302,1985182269,mom
train_landmark_files/26734/1985373316.parquet,26734,1985373316,hello
train_landmark_files/61333/1985648069.parquet,61333,1985648069,hello
train_landmark_files/55372/1986107139.parquet,55372,1986107139,thankyou
train_landmark_files/34503/1987754813.parquet,34503,1987754813,sad
train_landmark_files/37055/1988495193.parquet,37055,1988495193,yes
train_landmark_files/32319/1989489187.parquet,32319,1989489187,happy
train_landmark_files/53618/1993962999.parquet,53618,1993962999,mom
train_landmark_files/18796/1994726637.parquet,18796,1994726637,please
train_landmark_files/36257/1997217438.parquet,36257,1997217438,sad
train_landmark_files/22343/1998635450.parquet,22343,1998635450,dad
train_landmark_files/28656/2001140986.parquet,28656,2001140986,happy
train_landmark_files/53618/2001183673.parquet,53618,2001183673,yes
train_landmark_files/29302/2002122881.parquet,29302,2002122881,later
train_landmark_files/37779/2002144191.parquet,37779,2002144191,happy
train_landmark_files/34503/2002307998.parquet,34503,2002307998,later
train_landmark_files/62590/2003017904.parquet,62590,2003017904,hello
train_landmark_files/4718/2003672957.parquet,4718,2003672957,later
train_landmark_files/2044/2004080334.parquet,2044,2004080334,dad
train_landmark_files/2044/2004785874.parquet,2044,2004785874,later
train_landmark_files/36257/2005518027.parquet,36257,2005518027,later
train_landmark_files/29302/2006591240.parquet,29302,2006591240,hello
train_landmark_files/61333/2007009944.parquet,61333,2007009944,happy
train_landmark_files/61333/2007906632.parquet,61333,2007906632,dad
train_landmark_files/55372/2008185156.parquet,55372,2008185156,yes
train_landmark_files/32319/2008338966.parquet,32319,2008338966,mom
train_landmark_files/26734/2009063597.parquet,26734,2009063597,hello
train_landmark_files/62590/2009069082.parquet,62590,2009069082,later
train_landmark_files/61333/200952741.parquet,61333,200952741,later
train_landmark_files/22343/2009776258.parquet,22343,2009776258,please
train_landmark_files/26734/2012131509.parquet,26734,2012131509,happy
train_landmark_files/36257/2013097856.parquet,36257,2013097856,no
train_landmark_files/2044/2013522005.parquet,2044,2013522005,mom
train_landmark_files/28656/2014668751.parquet,28656,2014668751,yes
train_landmark_files/25571/2017965641.parquet,25571,2017965641,hello
train_landmark_files/53618/2019454487.parquet,53618,2019454487,later
train_landmark_files/2044/2020782138.parquet,2044,2020782138,happy
train_landmark_files/55372/2021502743.parquet,55372,2021502743,sad
train_landmark_files/18796/2022013787.parquet,18796,2022013787,later
train_landmark_files/28656/202346995.parquet,28656,202346995,happy
train_landmark_files/53618/2023697678.parquet,53618,2023697678,yes
train_landmark_files/34503/2024616137.parquet,34503,2024616137,please
train_landmark_files/32319/2025323583.parquet,32319,2025323583,no
train_landmark_files/61333/2025692769.parquet,61333,2025692769,later
train_landmark_files/55372/2027064463.parquet,55372,2027064463,thankyou
train_landmark_files/4718/2029114903.parquet,4718,2029114903,mom
train_landmark_files/55372/2030135997.parquet,55372,2030135997,later
train_landmark_files/37779/2030703890.parquet,37779,2030703890,dad
train_landmark_files/32319/2031620862.parquet,32319,2031620862,no
train_landmark_files/37055/2034840256.parquet,37055,2034840256,yes
train_landmark_files/36257/2034876657.parquet,36257,2034876657,yes
train_landmark_files/25571/2037116413.parquet,25571,2037116413,mom
train_landmark_files/18796/2037562772.parquet,18796,2037562772,mom
train_landmark_files/34503/2042714439.parquet,34503,2042714439,hello
train_landmark_files/32319/2045171824.parquet,32319,2045171824,hello
train_landmark_files/26734/2045484596.parquet,26734,2045484596,please
train_landmark_files/49445/2045575885.parquet,49445,2045575885,no
train_landmark_files/53618/2047691263.parquet,53618,2047691263,no
train_landmark_files/37055/2048344277.parquet,37055,2048344277,please
train_landmark_files/49445/2050312670.parquet,49445,2050312670,happy
train_landmark_files/30680/2050679954.parquet,30680,2050679954,later
train_landmark_files/29302/2052004049.parquet,29302,2052004049,sad
train_landmark_files/22343/2052264117.parquet,22343,2052264117,hello
train_landmark_files/16069/2053124238.parquet,16069,2053124238,please
train_landmark_files/62590/2053743634.parquet,62590,2053743634,mom
train_landmark_files/4718/205531021.parquet,4718,205531021,hello
train_landmark_files/37779/2056584612.parquet,37779,2056584612,mom
train_landmark_files/61333/2057961126.parquet,61333,2057961126,happy
train_landmark_files/49445/2059427695.parquet,49445,2059427695,dad
train_landmark_files/34503/2059728077.parquet,34503,2059728077,mom
train_landmark_files/22343/2061105998.parquet,22343,2061105998,mom
train_landmark_files/27610/2063401299.parquet,27610,2063401299,dad
train_landmark_files/53618/2064020222.parquet,53618,2064020222,later
train_landmark_files/62590/2064397528.parquet,62590,2064397528,no
train_landmark_files/26734/2064936863.parquet,26734,2064936863,mom
train_landmark_files/18796/2066081048.parquet,18796,2066081048,hello
train_landmark_files/16069/2067849181.parquet,16069,2067849181,mom
train_landmark_files/53618/2068029710.parquet,53618,2068029710,yes
train_landmark_files/32319/2070766614.parquet,32319,2070766614,sad
train_landmark_files/25571/2074323079.parquet,25571,2074323079,hello
train_landmark_files/25571/2075305001.parquet,25571,2075305001,sad
train_landmark_files/16069/2076596696.parquet,16069,2076596696,happy
train_landmark_files/29302/2078430727.parquet,29302,2078430727,yes
train_landmark_files/22343/2078547822.parquet,22343,2078547822,thankyou
train_landmark_files/62590/2079625938.parquet,62590,2079625938,hello
train_landmark_files/62590/2081672049.parquet,62590,2081672049,no
train_landmark_files/61333/2085293762.parquet,61333,2085293762,sad
train_landmark_files/49445/2086032499.parquet,49445,2086032499,thankyou
train_landmark_files/62590/2086922947.parquet,62590,2086922947,mom
train_landmark_files/18796/2087881441.parquet,18796,2087881441,sad
train_landmark_files/37055/2090099436.parquet,37055,2090099436,happy
train_landmark_files/22343/2091518891.parquet,22343,2091518891,hello
train_landmark_files/53618/2092240946.parquet,53618,2092240946,no
train_landmark_files/55372/2095747446.parquet,55372,2095747446,happy
train_landmark_files/26734/2097520788.parquet,26734,2097520788,dad
train_landmark_files/37055/2099785957.parquet,37055,2099785957,mom
train_landmark_files/62590/2102119985.parquet,62590,2102119985,yes
train_landmark_files/28656/2102644014.parquet,28656,2102644014,hello
train_landmark_files/37779/2104535755.parquet,37779,2104535755,thankyou
train_landmark_files/25571/2104788441.parquet,25571,2104788441,no
train_landmark_files/26734/210566504.parquet,26734,210566504,no
train_landmark_files/25571/2106353058.parquet,25571,2106353058,dad
train_landmark_files/49445/210742319.parquet,49445,210742319,happy
train_landmark_files/37779/2109991244.parquet,37779,2109991244,dad
train_landmark_files/32319/2110231415.parquet,32319,2110231415,sad
train_landmark_files/25571/2112100023.parquet,25571,2112100023,mom
train_landmark_files/16069/2112643815.parquet,16069,2112643815,sad
train_landmark_files/32319/2113779229.parquet,32319,2113779229,sad
train_landmark_files/30680/2113802134.parquet,30680,2113802134,hello
train_landmark_files/28656/2116948432.parquet,28656,2116948432,thankyou
train_landmark_files/62590/2117664483.parquet,62590,2117664483,thankyou
train_landmark_files/4718/2119427511.parquet,4718,2119427511,sad
train_landmark_files/29302/2120538199.parquet,29302,2120538199,please
train_landmark_files/26734/212184885.parquet,26734,212184885,later
train_landmark_files/29302/2122202672.parquet,29302,2122202672,later
train_landmark_files/61333/2123251409.parquet,61333,2123251409,mom
train_landmark_files/61333/2124655160.parquet,61333,2124655160,mom
train_landmark_files/55372/2124689684.parquet,55372,2124689684,thankyou
train_landmark_files/16069/2126644888.parquet,16069,2126644888,dad
train_landmark_files/62590/2128081230.parquet,62590,2128081230,mom
train_landmark_files/30680/2128953561.parquet,30680,2128953561,dad
train_landmark_files/49445/2128983753.parquet,49445,2128983753,no
train_landmark_files/29302/2130406140.parquet,29302,2130406140,later
train_landmark_files/37779/2131572855.parquet,37779,2131572855,thankyou
train_landmark_files/27610/2131757871.parquet,27610,2131757871,later
train_landmark_files/27610/213266738.parquet,27610,213266738,thankyou
train_landmark_files/27610/2133592713.parquet,27610,2133592713,no
train_landmark_files/26734/2134525331.parquet,26734,2134525331,happy
train_landmark_files/49445/2135739440.parquet,49445,2135739440,thankyou
train_landmark_files/53618/2136744287.parquet,53618,2136744287,hello
train_landmark_files/26734/213677254.parquet,26734,213677254,mom
train_landmark_files/27610/2137330432.parquet,27610,2137330432,no
train_landmark_files/61333/2138817130.parquet,61333,2138817130,mom
train_landmark_files/2044/2139000084.parquet,2044,2139000084,thankyou
train_landmark_files/27610/2139722347.parquet,27610,2139722347,sad
train_landmark_files/53618/2143404719.parquet,53618,2143404719,no
train_landmark_files/32319/2144937298.parquet,32319,2144937298,no
train_landmark_files/28656/2146095729.parquet,28656,2146095729,thankyou
train_landmark_files/25571/2146931744.parquet,25571,2146931744,no
train_landmark_files/22343/2148463574.parquet,22343,2148463574,dad
train_landmark_files/34503/2148946459.parquet,34503,2148946459,mom
train_landmark_files/37055/2150009217.parquet,37055,2150009217,yes
train_landmark_files/53618/215274120.parquet,53618,215274120,no
train_landmark_files/25571/2153545948.parquet,25571,2153545948,please
train_landmark_files/62590/215546405.parquet,62590,215546405,yes
train_landmark_files/2044/215835537.parquet,2044,215835537,hello
train_landmark_files/26734/2158658953.parquet,26734,2158658953,happy
train_landmark_files/53618/2158754568.parquet,53618,2158754568,thankyou
train_landmark_files/36257/2159491266.parquet,36257,2159491266,sad
train_landmark_files/25571/21606181.parquet,25571,21606181,hello
train_landmark_files/32319/2163418116.parquet,32319,2163418116,yes
train_landmark_files/30680/2164171875.parquet,30680,2164171875,yes
train_landmark_files/36257/2165968214.parquet,36257,2165968214,later
train_landmark_files/16069/2167120429.parquet,16069,2167120429,hello
train_landmark_files/36257/2167159325.parquet,36257,2167159325,dad
train_landmark_files/49445/2168446516.parquet,49445,2168446516,thankyou
train_landmark_files/49445/2169034719.parquet,49445,2169034719,happy
train_landmark_files/25571/2169132387.parquet,25571,2169132387,thankyou
train_landmark_files/16069/2169566025.parquet,16069,2169566025,happy
train_landmark_files/34503/2171467616.parquet,34503,2171467616,yes
train_landmark_files/61333/2172576111.parquet,61333,2172576111,thankyou
train_landmark_files/25571/2172615237.parquet,25571,2172615237,happy
train_landmark_files/26734/2173426060.parquet,26734,2173426060,later
train_landmark_files/22343/2174547038.parquet,22343,2174547038,mom
train_landmark_files/36257/2175778852.parquet,36257,2175778852,yes
train_landmark_files/26734/2176419106.parquet,26734,2176419106,later
train_landmark_files/28656/2176503062.parquet,28656,2176503062,thankyou
train_landmark_files/37779/2177156533.parquet,37779,2177156533,mom
train_landmark_files/16069/2177836680.parquet,16069,2177836680,thankyou
train_landmark_files/32319/2179083548.parquet,32319,2179083548,no
train_landmark_files/61333/2181063807.parquet,61333,2181063807,yes
train_landmark_files/28656/2181192139.parquet,28656,2181192139,happy
train_landmark_files/26734/2183802157.parquet,26734,2183802157,no
train_landmark_files/18796/2185682268.parquet,18796,2185682268,thankyou
train_landmark_files/2044/2187460419.parquet,2044,2187460419,sad
train_landmark_files/2044/2187609603.parquet,2044,2187609603,happy
train_landmark_files/37779/2187652918.parquet,37779,2187652918,later
train_landmark_files/16069/2188620025.parquet,16069,2188620025,dad
train_landmark_files/53618/2189286077.parquet,53618,2189286077,dad
train_landmark_files/28656/2190342315.parquet,28656,2190342315,happy
train_landmark_files/32319/2191817700.parquet,32319,2191817700,mom
train_landmark_files/53618/2192014491.parquet,53618,2192014491,thankyou
train_landmark_files/26734/219320695.parquet,26734,219320695,happy
train_landmark_files/37055/219324330.parquet,37055,219324330,sad
train_landmark_files/26734/2194244775.parquet,26734,2194244775,sad
train_landmark_files/62590/2197963558.parquet,62590,2197963558,hello
train_landmark_files/30680/2199064441.parquet,30680,2199064441,happy
train_landmark_files/55372/2199906847.parquet,55372,2199906847,please
train_landmark_files/49445/2200732807.parquet,49445,2200732807,later
train_landmark_files/2044/2202718129.parquet,2044,2202718129,dad
train_landmark_files/2044/2203519448.parquet,2044,2203519448,dad
train_landmark_files/2044/2203575924.parquet,2044,2203575924,dad
train_landmark_files/37055/2204586707.parquet,37055,2204586707,mom
train_landmark_files/34503/2207296881.parquet,34503,2207296881,no
train_landmark_files/22343/2209034807.parquet,22343,2209034807,hello
train_landmark_files/26734/2209482112.parquet,26734,2209482112,no
train_landmark_files/29302/2210683089.parquet,29302,2210683089,dad
train_landmark_files/37055/2211513680.parquet,37055,2211513680,dad
train_landmark_files/34503/2212692932.parquet,34503,2212692932,sad
train_landmark_files/28656/2213356388.parquet,28656,2213356388,thankyou
train_landmark_files/36257/2214161445.parquet,36257,2214161445,no
train_landmark_files/29302/2219802432.parquet,29302,2219802432,yes
train_landmark_files/61333/2219819290.parquet,61333,2219819290,no
train_landmark_files/37779/2221212556.parquet,37779,2221212556,happy
train_landmark_files/28656/2221541688.parquet,28656,2221541688,yes
train_landmark_files/2044/2222500568.parquet,2044,2222500568,yes
train_landmark_files/16069/2223317466.parquet,16069,2223317466,mom
train_landmark_files/62590/222424360.parquet,62590,222424360,dad
train_landmark_files/4718/2224774488.parquet,4718,2224774488,mom
train_landmark_files/26734/2226514802.parquet,26734,2226514802,no
train_landmark_files/32319/2226862179.parquet,32319,2226862179,sad
train_landmark_files/4718/2228978721.parquet,4718,2228978721,hello
train_landmark_files/4718/2229942001.parquet,4718,2229942001,mom
train_landmark_files/37055/2232021192.parquet,37055,2232021192,please
train_landmark_files/37779/2232491477.parquet,37779,2232491477,thankyou
train_landmark_files/28656/2234908031.parquet,28656,2234908031,no
train_landmark_files/37779/2234968552.parquet,37779,2234968552,thankyou
train_landmark_files/36257/2235670591.parquet,36257,2235670591,thankyou
train_landmark_files/30680/2236521162.parquet,30680,2236521162,yes
train_landmark_files/27610/2241614752.parquet,27610,2241614752,no
train_landmark_files/28656/2241967834.parquet,28656,2241967834,sad
train_landmark_files/53618/2242442908.parquet,53618,2242442908,no
train_landmark_files/37779/2243048447.parquet,37779,2243048447,later
train_landmark_files/22343/2245201922.parquet,22343,2245201922,please
train_landmark_files/32319/2248633895.parquet,32319,2248633895,hello
train_landmark_files/29302/2249283516.parquet,29302,2249283516,later
train_landmark_files/34503/2249730206.parquet,34503,2249730206,please
train_landmark_files/25571/2250150299.parquet,25571,2250150299,thankyou
train_landmark_files/30680/2252108362.parquet,30680,2252108362,no
train_landmark_files/4718/2254228572.parquet,4718,2254228572,sad
train_landmark_files/49445/2254705225.parquet,49445,2254705225,no
train_landmark_files/61333/2254716703.parquet,61333,2254716703,no
train_landmark_files/62590/2254963404.parquet,62590,2254963404,dad
train_landmark_files/37055/2256386332.parquet,37055,2256386332,no
train_landmark_files/32319/2257804637.parquet,32319,2257804637,sad
train_landmark_files/26734/2259441475.parquet,26734,2259441475,hello
train_landmark_files/25571/2259754810.parquet,25571,2259754810,happy
train_landmark_files/28656/2259848776.parquet,28656,2259848776,hello
train_landmark_files/16069/2260139756.parquet,16069,2260139756,thankyou
train_landmark_files/16069/2260505347.parquet,16069,2260505347,thankyou
train_landmark_files/49445/2261917658.parquet,49445,2261917658,dad
train_landmark_files/61333/2262331725.parquet,61333,2262331725,sad
train_landmark_files/36257/226243535.parquet,36257,226243535,dad
train_landmark_files/29302/2262618841.parquet,29302,2262618841,please
train_landmark_files/22343/2266530965.parquet,22343,2266530965,no
train_landmark_files/32319/2269342479.parquet,32319,2269342479,hello
train_landmark_files/28656/2269689989.parquet,28656,2269689989,please
train_landmark_files/61333/2270911818.parquet,61333,2270911818,mom
train_landmark_files/16069/2272592560.parquet,16069,2272592560,please
train_landmark_files/32319/2272719960.parquet,32319,2272719960,mom
train_landmark_files/27610/2272899001.parquet,27610,2272899001,later
train_landmark_files/34503/2276652438.parquet,34503,2276652438,later
train_landmark_files/26734/2278656203.parquet,26734,2278656203,please
train_landmark_files/22343/2278844318.parquet,22343,2278844318,yes
train_landmark_files/55372/2279835674.parquet,55372,2279835674,happy
train_landmark_files/34503/2280145752.parquet,34503,2280145752,happy
train_landmark_files/27610/2280401410.parquet,27610,2280401410,happy
train_landmark_files/61333/228046373.parquet,61333,228046373,sad
train_landmark_files/29302/2284155498.parquet,29302,2284155498,yes
train_landmark_files/2044/228446195.parquet,2044,228446195,thankyou
train_landmark_files/25571/228452472.parquet,25571,228452472,please
train_landmark_files/62590/2285856359.parquet,62590,2285856359,hello
train_landmark_files/2044/2286307898.parquet,2044,2286307898,later
train_landmark_files/30680/2289142586.parquet,30680,2289142586,happy
train_landmark_files/32319/2290034600.parquet,32319,2290034600,yes
train_landmark_files/55372/2290086861.parquet,55372,2290086861,yes
train_landmark_files/55372/2291784351.parquet,55372,2291784351,later
train_landmark_files/27610/2292091864.parquet,27610,2292091864,mom
train_landmark_files/30680/2292526514.parquet,30680,2292526514,sad
train_landmark_files/37055/2294040205.parquet,37055,2294040205,yes
train_landmark_files/55372/2294379214.parquet,55372,2294379214,hello
train_landmark_files/27610/2295779755.parquet,27610,2295779755,yes
train_landmark_files/2044/2295838137.parquet,2044,2295838137,later
train_landmark_files/36257/2295937277.parquet,36257,2295937277,thankyou
train_landmark_files/16069/2296743001.parquet,16069,2296743001,thankyou
train_landmark_files/32319/2296818286.parquet,32319,2296818286,yes
train_landmark_files/37779/2297490630.parquet,37779,2297490630,happy
train_landmark_files/61333/2297808958.parquet,61333,2297808958,hello
train_landmark_files/32319/2298034255.parquet,32319,2298034255,sad
train_landmark_files/25571/2298115962.parquet,25571,2298115962,later
train_landmark_files/29302/2298723657.parquet,29302,2298723657,sad
train_landmark_files/37055/2299815222.parquet,37055,2299815222,thankyou
train_landmark_files/53618/2301020748.parquet,53618,2301020748,thankyou
train_landmark_files/4718/2301333399.parquet,4718,2301333399,yes
train_landmark_files/28656/2301485205.parquet,28656,2301485205,no
train_landmark_files/49445/2301810957.parquet,49445,2301810957,dad
train_landmark_files/26734/2302033459.parquet,26734,2302033459,later
train_landmark_files/55372/2302355894.parquet,55372,2302355894,yes
train_landmark_files/22343/2302431092.parquet,22343,2302431092,thankyou
train_landmark_files/53618/230248033.parquet,53618,230248033,mom
train_landmark_files/49445/2303276384.parquet,49445,2303276384,mom
train_landmark_files/32319/2303634388.parquet,32319,2303634388,please
train_landmark_files/34503/2305576862.parquet,34503,2305576862,happy
train_landmark_files/32319/2307284319.parquet,32319,2307284319,yes
train_landmark_files/28656/230739005.parquet,28656,230739005,dad
train_landmark_files/26734/2307441378.parquet,26734,2307441378,thankyou
train_landmark_files/61333/2307829477.parquet,61333,2307829477,yes
train_landmark_files/18796/2309782216.parquet,18796,2309782216,sad
train_landmark_files/4718/2311868551.parquet,4718,2311868551,yes
train_landmark_files/49445/2312044812.parquet,49445,2312044812,later
train_landmark_files/25571/2312977859.parquet,25571,2312977859,no
train_landmark_files/55372/2314625730.parquet,55372,2314625730,please
train_landmark_files/61333/2314775387.parquet,61333,2314775387,happy
train_landmark_files/61333/2315944129.parquet,61333,2315944129,thankyou
train_landmark_files/37779/2318472375.parquet,37779,2318472375,hello
train_landmark_files/4718/2319251477.parquet,4718,2319251477,dad
train_landmark_files/22343/2319616864.parquet,22343,2319616864,no
train_landmark_files/37055/23198253.parquet,37055,23198253,yes
train_landmark_files/26734/2320312741.parquet,26734,2320312741,no
train_landmark_files/62590/2321396060.parquet,62590,2321396060,no
train_landmark_files/18796/2322467375.parquet,18796,2322467375,later
train_landmark_files/36257/2323283580.parquet,36257,2323283580,yes
train_landmark_files/37055/2328194995.parquet,37055,2328194995,thankyou
train_landmark_files/37779/2328807945.parquet,37779,2328807945,hello
train_landmark_files/34503/2329014877.parquet,34503,2329014877,happy
train_landmark_files/2044/2329991149.parquet,2044,2329991149,please
train_landmark_files/34503/2331684593.parquet,34503,2331684593,mom
train_landmark_files/30680/2333822556.parquet,30680,2333822556,please
train_landmark_files/26734/2334228017.parquet,26734,2334228017,dad
train_landmark_files/30680/2336656240.parquet,30680,2336656240,yes
train_landmark_files/37055/2336703993.parquet,37055,2336703993,later
train_landmark_files/49445/2336980488.parquet,49445,2336980488,dad
train_landmark_files/30680/2337069175.parquet,30680,2337069175,hello
train_landmark_files/26734/2338203959.parquet,26734,2338203959,yes
train_landmark_files/62590/2338591285.parquet,62590,2338591285,yes
train_landmark_files/27610/2338931052.parquet,27610,2338931052,later
train_landmark_files/53618/2341183092.parquet,53618,2341183092,later
train_landmark_files/53618/2342358422.parquet,53618,2342358422,happy
train_landmark_files/25571/2342626715.parquet,25571,2342626715,sad
train_landmark_files/49445/2343253801.parquet,49445,2343253801,yes
train_landmark_files/26734/234444389.parquet,26734,234444389,dad
train_landmark_files/30680/2344578396.parquet,30680,2344578396,later
train_landmark_files/61333/2345479029.parquet,61333,2345479029,yes
train_landmark_files/29302/2347814218.parquet,29302,2347814218,later
train_landmark_files/34503/234858066.parquet,34503,234858066,hello
train_landmark_files/27610/234902509.parquet,27610,234902509,yes
train_landmark_files/37055/2349657605.parquet,37055,2349657605,please
train_landmark_files/30680/2351685407.parquet,30680,2351685407,sad
train_landmark_files/37055/2351939000.parquet,37055,2351939000,thankyou
train_landmark_files/16069/2352003746.parquet,16069,2352003746,later
train_landmark_files/61333/2352527451.parquet,61333,2352527451,dad
train_landmark_files/37779/2353202914.parquet,37779,2353202914,please
train_landmark_files/62590/2355000807.parquet,62590,2355000807,mom
train_landmark_files/27610/2355670184.parquet,27610,2355670184,yes
train_landmark_files/26734/2356969941.parquet,26734,2356969941,dad
train_landmark_files/32319/2358206137.parquet,32319,2358206137,no
train_landmark_files/22343/2360157629.parquet,22343,2360157629,happy
train_landmark_files/34503/2360442097.parquet,34503,2360442097,yes
train_landmark_files/49445/2361273014.parquet,49445,2361273014,yes
train_landmark_files/62590/2363476037.parquet,62590,2363476037,thankyou
train_landmark_files/37779/2364332753.parquet,37779,2364332753,dad
train_landmark_files/61333/2367621286.parquet,61333,2367621286,happy
train_landmark_files/30680/2368004993.parquet,30680,2368004993,yes
train_landmark_files/36257/2369131908.parquet,36257,2369131908,later
train_landmark_files/18796/2369951616.parquet,18796,2369951616,no
train_landmark_files/26734/237288973.parquet,26734,237288973,happy
train_landmark_files/26734/2373067668.parquet,26734,2373067668,sad
train_landmark_files/2044/2373999426.parquet,2044,2373999426,thankyou
train_landmark_files/34503/237441236.parquet,34503,237441236,yes
train_landmark_files/37055/2374499987.parquet,37055,2374499987,hello
train_landmark_files/55372/2377034293.parquet,55372,2377034293,hello
train_landmark_files/62590/2378011384.parquet,62590,2378011384,sad
train_landmark_files/30680/2378527320.parquet,30680,2378527320,please
train_landmark_files/32319/2378796814.parquet,32319,2378796814,no
train_landmark_files/2044/2379401244.parquet,2044,2379401244,thankyou
train_landmark_files/62590/2379483599.parquet,62590,2379483599,sad
train_landmark_files/30680/2381818179.parquet,30680,2381818179,sad
train_landmark_files/26734/2384071482.parquet,26734,2384071482,no
train_landmark_files/34503/2384900429.parquet,34503,2384900429,please
train_landmark_files/28656/2386012713.parquet,28656,2386012713,no
train_landmark_files/16069/2386236393.parquet,16069,2386236393,hello
train_landmark_files/2044/2388570166.parquet,2044,2388570166,thankyou
train_landmark_files/27610/2388952335.parquet,27610,2388952335,dad
train_landmark_files/27610/2390901216.parquet,27610,2390901216,hello
train_landmark_files/37779/2391149287.parquet,37779,2391149287,later
train_landmark_files/26734/2394527071.parquet,26734,2394527071,sad
train_landmark_files/27610/2395294033.parquet,27610,2395294033,yes
train_landmark_files/27610/2397039136.parquet,27610,2397039136,thankyou
train_landmark_files/28656/2397445187.parquet,28656,2397445187,yes
train_landmark_files/34503/2397491757.parquet,34503,2397491757,no
train_landmark_files/32319/2397750567.parquet,32319,2397750567,sad
train_landmark_files/28656/2397931459.parquet,28656,2397931459,dad
train_landmark_files/62590/2398462796.parquet,62590,2398462796,please
train_landmark_files/62590/239941287.parquet,62590,239941287,sad
train_landmark_files/61333/2400550126.parquet,61333,2400550126,please
train_landmark_files/25571/2402064881.parquet,25571,2402064881,yes
train_landmark_files/37055/2402494323.parquet,37055,2402494323,sad
train_landmark_files/26734/2403073951.parquet,26734,2403073951,yes
train_landmark_files/49445/2403317579.parquet,49445,2403317579,later
train_landmark_files/55372/2403737600.parquet,55372,2403737600,thankyou
train_landmark_files/49445/2404290756.parquet,49445,2404290756,dad
train_landmark_files/37779/2407776813.parquet,37779,2407776813,thankyou
train_landmark_files/55372/2409097052.parquet,55372,2409097052,happy
train_landmark_files/18796/2409740814.parquet,18796,2409740814,happy
train_landmark_files/26734/2410212684.parquet,26734,2410212684,mom
train_landmark_files/32319/2410627938.parquet,32319,2410627938,happy
train_landmark_files/30680/2410810265.parquet,30680,2410810265,please
train_landmark_files/37055/2411207781.parquet,37055,2411207781,sad
train_landmark_files/4718/2411997364.parquet,4718,2411997364,no
train_landmark_files/37779/2412270506.parquet,37779,2412270506,later
train_landmark_files/16069/2412292882.parquet,16069,2412292882,later
train_landmark_files/37779/2412323914.parquet,37779,2412323914,mom
train_landmark_files/49445/2414742237.parquet,49445,2414742237,mom
train_landmark_files/27610/2415295391.parquet,27610,2415295391,hello
train_landmark_files/18796/2415640173.parquet,18796,2415640173,yes
train_landmark_files/32319/241651895.parquet,32319,241651895,happy
train_landmark_files/22343/2420138332.parquet,22343,2420138332,later
train_landmark_files/4718/2420294474.parquet,4718,2420294474,hello
train_landmark_files/55372/2422495638.parquet,55372,2422495638,happy
train_landmark_files/25571/2422636513.parquet,25571,2422636513,sad
train_landmark_files/16069/2422824705.parquet,16069,2422824705,hello
train_landmark_files/16069/242303061.parquet,16069,242303061,dad
train_landmark_files/27610/2424650921.parquet,27610,2424650921,sad
train_landmark_files/34503/242521869.parquet,34503,242521869,later
train_landmark_files/30680/2426228685.parquet,30680,2426228685,no
train_landmark_files/25571/2427634663.parquet,25571,2427634663,please
train_landmark_files/16069/2428288542.parquet,16069,2428288542,please
train_landmark_files/27610/2428866355.parquet,27610,2428866355,later
train_landmark_files/16069/2428882995.parquet,16069,2428882995,dad
train_landmark_files/25571/2428928745.parquet,25571,2428928745,no
train_landmark_files/28656/2430117336.parquet,28656,2430117336,dad
train_landmark_files/4718/2430561548.parquet,4718,2430561548,dad
train_landmark_files/37779/2430749047.parquet,37779,2430749047,dad
train_landmark_files/37779/243196231.parquet,37779,243196231,mom
train_landmark_files/2044/2432843961.parquet,2044,2432843961,yes
train_landmark_files/37779/2436171758.parquet,37779,2436171758,yes
train_landmark_files/49445/2436752718.parquet,49445,2436752718,later
train_landmark_files/49445/2437119543.parquet,49445,2437119543,dad
train_landmark_files/26734/2438097254.parquet,26734,2438097254,please
train_landmark_files/4718/2438941052.parquet,4718,2438941052,mom
train_landmark_files/34503/2439269168.parquet,34503,2439269168,happy
train_landmark_files/28656/2439535109.parquet,28656,2439535109,dad
train_landmark_files/16069/2441413137.parquet,16069,2441413137,yes
train_landmark_files/49445/2443570646.parquet,49445,2443570646,please
train_landmark_files/27610/2444930394.parquet,27610,2444930394,sad
train_landmark_files/2044/2445260666.parquet,2044,2445260666,hello
train_landmark_files/55372/2446018156.parquet,55372,2446018156,dad
train_landmark_files/18796/2447167574.parquet,18796,2447167574,mom
train_landmark_files/26734/2448164088.parquet,26734,2448164088,please
train_landmark_files/62590/2449823373.parquet,62590,2449823373,happy
train_landmark_files/16069/2455094920.parquet,16069,2455094920,thankyou
train_landmark_files/61333/2457857208.parquet,61333,2457857208,dad
train_landmark_files/30680/2458415441.parquet,30680,2458415441,happy
train_landmark_files/49445/2458503460.parquet,49445,2458503460,later
train_landmark_files/29302/2458764386.parquet,29302,2458764386,yes
train_landmark_files/37779/2459272966.parquet,37779,2459272966,dad
train_landmark_files/29302/2459715956.parquet,29302,2459715956,happy
train_landmark_files/29302/2460569401.parquet,29302,2460569401,hello
train_landmark_files/18796/2460606718.parquet,18796,2460606718,thankyou
train_landmark_files/26734/2460717012.parquet,26734,2460717012,dad
train_landmark_files/36257/2462881784.parquet,36257,2462881784,sad
train_landmark_files/25571/2463018210.parquet,25571,2463018210,sad
train_landmark_files/62590/2463227903.parquet,62590,2463227903,mom
train_landmark_files/32319/2463426083.parquet,32319,2463426083,happy
train_landmark_files/18796/2465341752.parquet,18796,2465341752,happy
train_landmark_files/27610/2468326487.parquet,27610,2468326487,later
train_landmark_files/16069/2470130504.parquet,16069,2470130504,happy
train_landmark_files/34503/2470333990.parquet,34503,2470333990,thankyou
train_landmark_files/4718/2470490515.parquet,4718,2470490515,hello
train_landmark_files/55372/2470552441.parquet,55372,2470552441,hello
train_landmark_files/2044/2471752329.parquet,2044,2471752329,please
train_landmark_files/29302/2472733143.parquet,29302,2472733143,later
train_landmark_files/49445/2474296995.parquet,49445,2474296995,no
train_landmark_files/49445/2474506389.parquet,49445,2474506389,happy
train_landmark_files/27610/247459020.parquet,27610,247459020,sad
train_landmark_files/27610/2474832753.parquet,27610,2474832753,happy
train_landmark_files/34503/2476110316.parquet,34503,2476110316,later
train_landmark_files/29302/2476711658.parquet,29302,2476711658,hello
train_landmark_files/4718/247824838.parquet,4718,247824838,no
train_landmark_files/61333/2479744521.parquet,61333,2479744521,later
train_landmark_files/30680/2480264481.parquet,30680,2480264481,happy
train_landmark_files/29302/2481720590.parquet,29302,2481720590,no
train_landmark_files/32319/2481824335.parquet,32319,2481824335,dad
train_landmark_files/2044/2482387752.parquet,2044,2482387752,please
train_landmark_files/36257/2482790380.parquet,36257,2482790380,no
train_landmark_files/28656/2482973138.parquet,28656,2482973138,mom
train_landmark_files/18796/248305312.parquet,18796,248305312,later
train_landmark_files/28656/2484796929.parquet,28656,2484796929,please
train_landmark_files/62590/24878544.parquet,62590,24878544,dad
train_landmark_files/27610/2488204438.parquet,27610,2488204438,hello
train_landmark_files/29302/249099853.parquet,29302,249099853,dad
train_landmark_files/55372/2491559325.parquet,55372,2491559325,hello
train_landmark_files/49445/2492158184.parquet,49445,2492158184,happy
train_landmark_files/16069/2492950617.parquet,16069,2492950617,sad
train_landmark_files/29302/2493665565.parquet,29302,2493665565,no
train_landmark_files/62590/2493781141.parquet,62590,2493781141,yes
train_landmark_files/30680/2494986575.parquet,30680,2494986575,mom
train_landmark_files/37779/2495004080.parquet,37779,2495004080,dad
train_landmark_files/53618/2496018926.parquet,53618,2496018926,yes
train_landmark_files/37055/2496088830.parquet,37055,2496088830,yes
train_landmark_files/22343/2496868647.parquet,22343,2496868647,please
train_landmark_files/30680/2496974642.parquet,30680,2496974642,happy
train_landmark_files/37779/2497111275.parquet,37779,2497111275,hello
train_landmark_files/53618/250336109.parquet,53618,250336109,happy
train_landmark_files/36257/2503754862.parquet,36257,2503754862,no
train_landmark_files/22343/2503906056.parquet,22343,2503906056,please
train_landmark_files/25571/2503939204.parquet,25571,2503939204,sad
train_landmark_files/37055/2504426600.parquet,37055,2504426600,later
train_landmark_files/62590/2504586143.parquet,62590,2504586143,please
train_landmark_files/29302/2506714431.parquet,29302,2506714431,hello
train_landmark_files/55372/2506893737.parquet,55372,2506893737,happy
train_landmark_files/62590/250808450.parquet,62590,250808450,no
train_landmark_files/25571/2508488872.parquet,25571,2508488872,happy
train_landmark_files/55372/2509506508.parquet,55372,2509506508,yes
train_landmark_files/30680/2512528663.parquet,30680,2512528663,please
train_landmark_files/49445/2513124438.parquet,49445,2513124438,mom
train_landmark_files/53618/2513254461.parquet,53618,2513254461,yes
train_landmark_files/22343/2513753884.parquet,22343,2513753884,yes
train_landmark_files/37779/251405675.parquet,37779,251405675,sad
train_landmark_files/34503/2514074548.parquet,34503,2514074548,thankyou
train_landmark_files/37779/2514953108.parquet,37779,2514953108,yes
train_landmark_files/32319/2515515896.parquet,32319,2515515896,yes
train_landmark_files/53618/2515668918.parquet,53618,2515668918,yes
train_landmark_files/34503/2516365581.parquet,34503,2516365581,sad
train_landmark_files/36257/2516472710.parquet,36257,2516472710,hello
train_landmark_files/2044/2517204383.parquet,2044,2517204383,hello
train_landmark_files/53618/2517897187.parquet,53618,2517897187,sad
train_landmark_files/32319/2518327929.parquet,32319,2518327929,thankyou
train_landmark_files/22343/2518632069.parquet,22343,2518632069,later
train_landmark_files/53618/2518812024.parquet,53618,2518812024,happy
train_landmark_files/34503/2519914403.parquet,34503,2519914403,dad
train_landmark_files/22343/2520835681.parquet,22343,2520835681,later
train_landmark_files/27610/2521890197.parquet,27610,2521890197,thankyou
train_landmark_files/29302/2522322717.parquet,29302,2522322717,hello
train_landmark_files/22343/2523564842.parquet,22343,2523564842,thankyou
train_landmark_files/16069/2526312602.parquet,16069,2526312602,hello
train_landmark_files/53618/2528522328.parquet,53618,2528522328,no
train_landmark_files/61333/2528602959.parquet,61333,2528602959,later
train_landmark_files/61333/2529133166.parquet,61333,2529133166,thankyou
train_landmark_files/27610/2531249996.parquet,27610,2531249996,no
train_landmark_files/53618/2531980748.parquet,53618,2531980748,no
train_landmark_files/49445/2532411174.parquet,49445,2532411174,thankyou
train_landmark_files/28656/2533031839.parquet,28656,2533031839,later
train_landmark_files/29302/2533359774.parquet,29302,2533359774,thankyou
train_landmark_files/32319/2533779264.parquet,32319,2533779264,mom
train_landmark_files/37055/2534210948.parquet,37055,2534210948,please
train_landmark_files/37055/2537084986.parquet,37055,2537084986,thankyou
train_landmark_files/37055/25384438.parquet,37055,25384438,happy
train_landmark_files/34503/2540108358.parquet,34503,2540108358,yes
train_landmark_files/30680/2540135701.parquet,30680,2540135701,mom
train_landmark_files/29302/2540181359.parquet,29302,2540181359,hello
train_landmark_files/55372/2544449638.parquet,55372,2544449638,dad
train_landmark_files/62590/2544926133.parquet,62590,2544926133,mom
train_landmark_files/22343/2546531930.parquet,22343,2546531930,happy
train_landmark_files/55372/2548265756.parquet,55372,2548265756,please
train_landmark_files/62590/2548683409.parquet,62590,2548683409,thankyou
train_landmark_files/62590/2549425734.parquet,62590,2549425734,hello
train_landmark_files/53618/2550637335.parquet,53618,2550637335,no
train_landmark_files/2044/2553716469.parquet,2044,2553716469,mom
train_landmark_files/26734/2553970045.parquet,26734,2553970045,mom
train_landmark_files/61333/2554884917.parquet,61333,2554884917,mom
train_landmark_files/30680/2557318219.parquet,30680,2557318219,yes
train_landmark_files/53618/2559257962.parquet,53618,2559257962,yes
train_landmark_files/4718/2559268857.parquet,4718,2559268857,no
train_landmark_files/62590/2559301271.parquet,62590,2559301271,dad
train_landmark_files/36257/2561063903.parquet,36257,2561063903,sad
train_landmark_files/28656/2561270569.parquet,28656,2561270569,no
train_landmark_files/26734/2561652126.parquet,26734,2561652126,thankyou
train_landmark_files/62590/2563852630.parquet,62590,2563852630,dad
train_landmark_files/49445/2564768885.parquet,49445,2564768885,hello
train_landmark_files/28656/2565293237.parquet,28656,2565293237,yes
train_landmark_files/2044/256614736.parquet,2044,256614736,dad
train_landmark_files/30680/2569088233.parquet,30680,2569088233,happy
train_landmark_files/37055/2569142795.parquet,37055,2569142795,hello
train_landmark_files/25571/2569290333.parquet,25571,2569290333,thankyou
train_landmark_files/22343/256973864.parquet,22343,256973864,happy
train_landmark_files/37779/257058681.parquet,37779,257058681,please
train_landmark_files/37055/2572259403.parquet,37055,2572259403,dad
train_landmark_files/32319/2572822219.parquet,32319,2572822219,thankyou
train_landmark_files/4718/257340039.parquet,4718,257340039,yes
train_landmark_files/4718/2573577427.parquet,4718,2573577427,happy
train_landmark_files/37055/2574719456.parquet,37055,2574719456,hello
train_landmark_files/37055/2574797802.parquet,37055,2574797802,sad
train_landmark_files/49445/2575336.parquet,49445,2575336,yes
train_landmark_files/26734/257541244.parquet,26734,257541244,please
train_landmark_files/53618/2576990778.parquet,53618,2576990778,hello
train_landmark_files/37779/2578591556.parquet,37779,2578591556,please
train_landmark_files/55372/2579704468.parquet,55372,2579704468,mom
train_landmark_files/18796/2581057004.parquet,18796,2581057004,dad
train_landmark_files/25571/2581099086.parquet,25571,2581099086,thankyou
train_landmark_files/61333/2584050040.parquet,61333,2584050040,hello
train_landmark_files/29302/2584667118.parquet,29302,2584667118,mom
train_landmark_files/30680/2584889855.parquet,30680,2584889855,yes
train_landmark_files/34503/2585421088.parquet,34503,2585421088,sad
train_landmark_files/34503/2586446638.parquet,34503,2586446638,sad
train_landmark_files/28656/2586511572.parquet,28656,2586511572,hello
train_landmark_files/37779/2589364878.parquet,37779,2589364878,sad
train_landmark_files/16069/2591735403.parquet,16069,2591735403,thankyou
train_landmark_files/28656/2592329080.parquet,28656,2592329080,sad
train_landmark_files/22343/2595380492.parquet,22343,2595380492,no
train_landmark_files/2044/2597013220.parquet,2044,2597013220,sad
train_landmark_files/36257/2599307571.parquet,36257,2599307571,later
train_landmark_files/36257/2601558946.parquet,36257,2601558946,mom
train_landmark_files/30680/2601722575.parquet,30680,2601722575,yes
train_landmark_files/32319/2603965185.parquet,32319,2603965185,mom
train_landmark_files/32319/2604706177.parquet,32319,2604706177,mom
train_landmark_files/26734/2605052593.parquet,26734,2605052593,mom
train_landmark_files/22343/2606164095.parquet,22343,2606164095,later
train_landmark_files/61333/2607313694.parquet,61333,2607313694,no
train_landmark_files/27610/2607427431.parquet,27610,2607427431,please
train_landmark_files/18796/2608839935.parquet,18796,2608839935,yes
train_landmark_files/62590/2609078312.parquet,62590,2609078312,yes
train_landmark_files/62590/2609365997.parquet,62590,2609365997,sad
train_landmark_files/49445/2610517886.parquet,49445,2610517886,please
train_landmark_files/55372/2611318729.parquet,55372,2611318729,dad
train_landmark_files/32319/2611553512.parquet,32319,2611553512,later
train_landmark_files/22343/2612302616.parquet,22343,2612302616,later
train_landmark_files/32319/2613341813.parquet,32319,2613341813,dad
train_landmark_files/53618/2614031967.parquet,53618,2614031967,later
train_landmark_files/25571/2614474437.parquet,25571,2614474437,sad
train_landmark_files/27610/2615149324.parquet,27610,2615149324,dad
train_landmark_files/26734/2615482146.parquet,26734,2615482146,happy
train_landmark_files/55372/2615891830.parquet,55372,2615891830,mom
train_landmark_files/18796/2616459708.parquet,18796,2616459708,dad
train_landmark_files/36257/2618468590.parquet,36257,2618468590,please
train_landmark_files/49445/2618582154.parquet,49445,2618582154,sad
train_landmark_files/61333/2618749360.parquet,61333,2618749360,thankyou
train_landmark_files/34503/2620404392.parquet,34503,2620404392,happy
train_landmark_files/49445/2623561769.parquet,49445,2623561769,no
train_landmark_files/53618/2624270409.parquet,53618,2624270409,thankyou
train_landmark_files/26734/2624520340.parquet,26734,2624520340,yes
train_landmark_files/18796/2625616312.parquet,18796,2625616312,dad
train_landmark_files/37779/2627174222.parquet,37779,2627174222,sad
train_landmark_files/34503/2627817247.parquet,34503,2627817247,sad
train_landmark_files/28656/2628048174.parquet,28656,2628048174,please
train_landmark_files/34503/2628068714.parquet,34503,2628068714,happy
train_landmark_files/32319/2630126066.parquet,32319,2630126066,later
train_landmark_files/62590/2630586027.parquet,62590,2630586027,thankyou
train_landmark_files/32319/2630933732.parquet,32319,2630933732,mom
train_landmark_files/29302/2632173891.parquet,29302,2632173891,dad
train_landmark_files/34503/2632340075.parquet,34503,2632340075,dad
train_landmark_files/61333/263357247.parquet,61333,263357247,later
train_landmark_files/55372/2634393616.parquet,55372,2634393616,no
train_landmark_files/34503/2637010598.parquet,34503,2637010598,no
train_landmark_files/16069/2637211738.parquet,16069,2637211738,yes
train_landmark_files/18796/2637358462.parquet,18796,2637358462,thankyou
train_landmark_files/34503/2640475307.parquet,34503,2640475307,sad
train_landmark_files/49445/2643950370.parquet,49445,2643950370,mom
train_landmark_files/55372/2644430059.parquet,55372,2644430059,later
train_landmark_files/49445/2645228586.parquet,49445,2645228586,happy
train_landmark_files/32319/2646398139.parquet,32319,2646398139,dad
train_landmark_files/2044/2646470828.parquet,2044,2646470828,later
train_landmark_files/34503/2646596320.parquet,34503,2646596320,sad
train_landmark_files/30680/2646636328.parquet,30680,2646636328,dad
train_landmark_files/55372/2646684883.parquet,55372,2646684883,later
train_landmark_files/25571/2649126724.parquet,25571,2649126724,mom
train_landmark_files/55372/2649740941.parquet,55372,2649740941,later
train_landmark_files/25571/2650791085.parquet,25571,2650791085,hello
train_landmark_files/16069/2651885804.parquet,16069,2651885804,dad
train_landmark_files/32319/2652635358.parquet,32319,2652635358,please
train_landmark_files/26734/2654108292.parquet,26734,2654108292,later
train_landmark_files/55372/2654258732.parquet,55372,2654258732,no
train_landmark_files/25571/2654339451.parquet,25571,2654339451,thankyou
train_landmark_files/26734/2654950367.parquet,26734,2654950367,hello
train_landmark_files/29302/2655264693.parquet,29302,2655264693,no
train_landmark_files/62590/2655389127.parquet,62590,2655389127,thankyou
train_landmark_files/22343/2656030381.parquet,22343,2656030381,hello
train_landmark_files/2044/2656631236.parquet,2044,2656631236,no
train_landmark_files/37055/2656842224.parquet,37055,2656842224,sad
train_landmark_files/34503/2657853414.parquet,34503,2657853414,yes
train_landmark_files/37055/2658538684.parquet,37055,2658538684,yes
train_landmark_files/32319/2659219746.parquet,32319,2659219746,sad
train_landmark_files/32319/2659499388.parquet,32319,2659499388,thankyou
train_landmark_files/55372/2661564202.parquet,55372,2661564202,hello
train_landmark_files/25571/2661806206.parquet,25571,2661806206,mom
train_landmark_files/27610/2662479215.parquet,27610,2662479215,yes
train_landmark_files/37779/266383967.parquet,37779,266383967,please
train_landmark_files/22343/2664794775.parquet,22343,2664794775,dad
train_landmark_files/55372/2667715.parquet,55372,2667715,no
train_landmark_files/26734/2667943153.parquet,26734,2667943153,later
train_landmark_files/61333/2671685092.parquet,61333,2671685092,thankyou
train_landmark_files/16069/2672587232.parquet,16069,2672587232,sad
train_landmark_files/37055/267287301.parquet,37055,267287301,happy
train_landmark_files/37779/2674736493.parquet,37779,2674736493,no
train_landmark_files/37779/2675356684.parquet,37779,2675356684,hello
train_landmark_files/2044/2675407049.parquet,2044,2675407049,please
train_landmark_files/26734/2675411533.parquet,26734,2675411533,thankyou
train_landmark_files/28656/2676056863.parquet,28656,2676056863,no
train_landmark_files/53618/2676484141.parquet,53618,2676484141,thankyou
train_landmark_files/22343/2676927979.parquet,22343,2676927979,dad
train_landmark_files/25571/2681335541.parquet,25571,2681335541,later
train_landmark_files/55372/2681355076.parquet,55372,2681355076,thankyou
train_landmark_files/27610/2682035649.parquet,27610,2682035649,no
train_landmark_files/25571/2683352082.parquet,25571,2683352082,hello
train_landmark_files/18796/2683551935.parquet,18796,2683551935,mom
train_landmark_files/18796/2687143240.parquet,18796,2687143240,no
train_landmark_files/53618/2688016421.parquet,53618,2688016421,happy
train_landmark_files/37055/269087095.parquet,37055,269087095,yes
train_landmark_files/32319/2691466522.parquet,32319,2691466522,mom
train_landmark_files/49445/2694617219.parquet,49445,2694617219,later
train_landmark_files/30680/269581413.parquet,30680,269581413,thankyou
train_landmark_files/26734/2696284098.parquet,26734,2696284098,hello
train_landmark_files/53618/2696382592.parquet,53618,2696382592,dad
train_landmark_files/49445/2697725656.parquet,49445,2697725656,mom
train_landmark_files/55372/269831845.parquet,55372,269831845,happy
train_landmark_files/22343/2698323747.parquet,22343,2698323747,no
train_landmark_files/37055/2699704541.parquet,37055,2699704541,later
train_landmark_files/55372/2699755541.parquet,55372,2699755541,mom
train_landmark_files/16069/2699817519.parquet,16069,2699817519,yes
train_landmark_files/4718/270024576.parquet,4718,270024576,happy
train_landmark_files/37779/2701557966.parquet,37779,2701557966,sad
train_landmark_files/30680/2701588901.parquet,30680,2701588901,dad
train_landmark_files/4718/2703426006.parquet,4718,2703426006,please
train_landmark_files/30680/2704055726.parquet,30680,2704055726,later
train_landmark_files/22343/2705286635.parquet,22343,2705286635,later
train_landmark_files/4718/2706226856.parquet,4718,2706226856,no
train_landmark_files/28656/2707373703.parquet,28656,2707373703,dad
train_landmark_files/53618/2708257426.parquet,53618,2708257426,thankyou
train_landmark_files/61333/2711080846.parquet,61333,2711080846,sad
train_landmark_files/26734/2712145734.parquet,26734,2712145734,sad
train_landmark_files/55372/2712320980.parquet,55372,2712320980,please
train_landmark_files/2044/2714892748.parquet,2044,2714892748,later
train_landmark_files/49445/2715329398.parquet,49445,2715329398,yes
train_landmark_files/62590/2716146406.parquet,62590,2716146406,happy
train_landmark_files/36257/2716343097.parquet,36257,2716343097,hello
train_landmark_files/18796/2716844037.parquet,18796,2716844037,thankyou
train_landmark_files/25571/2716924631.parquet,25571,2716924631,dad
train_landmark_files/2044/2717846803.parquet,2044,2717846803,please
train_landmark_files/22343/2718320915.parquet,22343,2718320915,yes
train_landmark_files/55372/2718697680.parquet,55372,2718697680,later
train_landmark_files/16069/2722364456.parquet,16069,2722364456,please
train_landmark_files/22343/2723159304.parquet,22343,2723159304,no
train_landmark_files/61333/2723210883.parquet,61333,2723210883,later
train_landmark_files/34503/2723825008.parquet,34503,2723825008,thankyou
train_landmark_files/61333/2724122513.parquet,61333,2724122513,yes
train_landmark_files/61333/2724356223.parquet,61333,2724356223,later
train_landmark_files/37055/2725035190.parquet,37055,2725035190,mom
train_landmark_files/2044/2725316664.parquet,2044,2725316664,thankyou
train_landmark_files/55372/2726134632.parquet,55372,2726134632,thankyou
train_landmark_files/29302/2726290788.parquet,29302,2726290788,mom
train_landmark_files/37055/2726940873.parquet,37055,2726940873,happy
train_landmark_files/26734/2727586425.parquet,26734,2727586425,please
train_landmark_files/26734/2728965317.parquet,26734,2728965317,yes
train_landmark_files/37055/2729087984.parquet,37055,2729087984,mom
train_landmark_files/16069/2729529941.parquet,16069,2729529941,hello
train_landmark_files/53618/2730166349.parquet,53618,2730166349,later
train_landmark_files/25571/2732235986.parquet,25571,2732235986,mom
train_landmark_files/2044/27324977.parquet,2044,27324977,please
train_landmark_files/62590/2733258498.parquet,62590,2733258498,mom
train_landmark_files/22343/2735052214.parquet,22343,2735052214,no
train_landmark_files/29302/273617776.parquet,29302,273617776,yes
train_landmark_files/32319/2736986442.parquet,32319,2736986442,yes
train_landmark_files/2044/2737541660.parquet,2044,2737541660,yes
train_landmark_files/36257/2738406507.parquet,36257,2738406507,hello
train_landmark_files/37055/2739080844.parquet,37055,2739080844,no
train_landmark_files/28656/2739305616.parquet,28656,2739305616,yes
train_landmark_files/25571/2742334841.parquet,25571,2742334841,later
train_landmark_files/16069/2742584398.parquet,16069,2742584398,hello
train_landmark_files/18796/2742894864.parquet,18796,2742894864,mom
train_landmark_files/30680/274291439.parquet,30680,274291439,happy
train_landmark_files/37055/2742939192.parquet,37055,2742939192,later
train_landmark_files/18796/274317251.parquet,18796,274317251,sad
train_landmark_files/53618/2743371724.parquet,53618,2743371724,mom
train_landmark_files/32319/2744474409.parquet,32319,2744474409,happy
train_landmark_files/37779/2744689013.parquet,37779,2744689013,yes
train_landmark_files/28656/2746338092.parquet,28656,2746338092,thankyou
train_landmark_files/28656/2747528560.parquet,28656,2747528560,happy
train_landmark_files/4718/2748124508.parquet,4718,2748124508,mom
train_landmark_files/55372/2749651775.parquet,55372,2749651775,sad
train_landmark_files/2044/2751445360.parquet,2044,2751445360,no
train_landmark_files/34503/2752055854.parquet,34503,2752055854,dad
train_landmark_files/27610/275256495.parquet,27610,275256495,hello
train_landmark_files/34503/275473347.parquet,34503,275473347,hello
train_landmark_files/30680/2755222245.parquet,30680,2755222245,yes
train_landmark_files/28656/2757837969.parquet,28656,2757837969,thankyou
train_landmark_files/55372/2758184848.parquet,55372,2758184848,no
train_landmark_files/49445/2760905774.parquet,49445,2760905774,please
train_landmark_files/26734/2761314338.parquet,26734,2761314338,hello
train_landmark_files/27610/2765135786.parquet,27610,2765135786,later
train_landmark_files/62590/2765411807.parquet,62590,2765411807,please
train_landmark_files/18796/276599528.parquet,18796,276599528,later
train_landmark_files/25571/2765995642.parquet,25571,2765995642,yes
train_landmark_files/62590/2767007949.parquet,62590,2767007949,please
train_landmark_files/16069/2767321352.parquet,16069,2767321352,sad
train_landmark_files/32319/2767918535.parquet,32319,2767918535,happy
train_landmark_files/61333/2768727168.parquet,61333,2768727168,thankyou
train_landmark_files/62590/2770928395.parquet,62590,2770928395,thankyou
train_landmark_files/36257/2771164760.parquet,36257,2771164760,yes
train_landmark_files/34503/2771552767.parquet,34503,2771552767,later
train_landmark_files/18796/2773002988.parquet,18796,2773002988,dad
train_landmark_files/18796/2775089652.parquet,18796,2775089652,mom
train_landmark_files/61333/2777223964.parquet,61333,2777223964,sad
train_landmark_files/55372/2777458102.parquet,55372,2777458102,dad
train_landmark_files/36257/2777468573.parquet,36257,2777468573,hello
train_landmark_files/2044/2778619521.parquet,2044,2778619521,mom
train_landmark_files/61333/2779889113.parquet,61333,2779889113,no
train_landmark_files/49445/2782239005.parquet,49445,2782239005,sad
train_landmark_files/22343/2783185337.parquet,22343,2783185337,thankyou
train_landmark_files/62590/2783345490.parquet,62590,2783345490,mom
train_landmark_files/53618/2784135041.parquet,53618,2784135041,yes
train_landmark_files/29302/2784863950.parquet,29302,2784863950,dad
train_landmark_files/28656/2786629794.parquet,28656,2786629794,mom
train_landmark_files/4718/2786769612.parquet,4718,2786769612,dad
train_landmark_files/2044/2787131433.parquet,2044,2787131433,no
train_landmark_files/62590/2787179816.parquet,62590,2787179816,hello
train_landmark_files/55372/2787460580.parquet,55372,2787460580,thankyou
train_landmark_files/30680/2787722779.parquet,30680,2787722779,yes
train_landmark_files/61333/2789463235.parquet,61333,2789463235,sad
train_landmark_files/22343/279084090.parquet,22343,279084090,thankyou
train_landmark_files/49445/2790889297.parquet,49445,2790889297,mom
train_landmark_files/4718/2791148372.parquet,4718,2791148372,later
train_landmark_files/36257/2792138123.parquet,36257,2792138123,mom
train_landmark_files/27610/2792579359.parquet,27610,2792579359,mom
train_landmark_files/16069/2793118109.parquet,16069,2793118109,yes
train_landmark_files/18796/279386874.parquet,18796,279386874,happy
train_landmark_files/36257/279561242.parquet,36257,279561242,later
train_landmark_files/37055/2797026747.parquet,37055,2797026747,thankyou
train_landmark_files/55372/2797613871.parquet,55372,2797613871,no
train_landmark_files/18796/2797747494.parquet,18796,2797747494,sad
train_landmark_files/49445/2798383078.parquet,49445,2798383078,happy
train_landmark_files/25571/2801724529.parquet,25571,2801724529,dad
train_landmark_files/61333/2802614156.parquet,61333,2802614156,please
train_landmark_files/4718/2802900710.parquet,4718,2802900710,please
train_landmark_files/34503/2804149238.parquet,34503,2804149238,mom
train_landmark_files/2044/2807132685.parquet,2044,2807132685,yes
train_landmark_files/37779/2807950578.parquet,37779,2807950578,later
train_landmark_files/61333/2808179084.parquet,61333,2808179084,please
train_landmark_files/27610/2809559139.parquet,27610,2809559139,no
train_landmark_files/29302/2809591071.parquet,29302,2809591071,happy
train_landmark_files/49445/2810397090.parquet,49445,2810397090,happy
train_landmark_files/32319/2811175893.parquet,32319,2811175893,please
train_landmark_files/32319/2812984766.parquet,32319,2812984766,hello
train_landmark_files/34503/2813917389.parquet,34503,2813917389,thankyou
train_landmark_files/55372/2814349806.parquet,55372,2814349806,mom
train_landmark_files/37779/2814885007.parquet,37779,2814885007,sad
train_landmark_files/27610/2816159292.parquet,27610,2816159292,sad
train_landmark_files/61333/2816562558.parquet,61333,2816562558,mom
train_landmark_files/32319/2818021165.parquet,32319,2818021165,mom
train_landmark_files/2044/2818227412.parquet,2044,2818227412,mom
train_landmark_files/26734/2819226083.parquet,26734,2819226083,yes
train_landmark_files/32319/2819940104.parquet,32319,2819940104,hello
train_landmark_files/49445/2820116255.parquet,49445,2820116255,no
train_landmark_files/2044/2822269541.parquet,2044,2822269541,later
train_landmark_files/61333/2826470010.parquet,61333,2826470010,mom
train_landmark_files/32319/2826834235.parquet,32319,2826834235,sad
train_landmark_files/53618/2827255771.parquet,53618,2827255771,happy
train_landmark_files/30680/2827335820.parquet,30680,2827335820,happy
train_landmark_files/2044/2828965808.parquet,2044,2828965808,no
train_landmark_files/27610/2829589919.parquet,27610,2829589919,hello
train_landmark_files/22343/2829901712.parquet,22343,2829901712,dad
train_landmark_files/61333/283211562.parquet,61333,283211562,dad
train_landmark_files/18796/2832803011.parquet,18796,2832803011,later
train_landmark_files/30680/2834104665.parquet,30680,2834104665,dad
train_landmark_files/37779/2834734401.parquet,37779,2834734401,happy
train_landmark_files/26734/2839623680.parquet,26734,2839623680,happy
train_landmark_files/26734/2840332020.parquet,26734,2840332020,dad
train_landmark_files/4718/2840551744.parquet,4718,2840551744,please
train_landmark_files/53618/2841706627.parquet,53618,2841706627,dad
train_landmark_files/4718/2843910247.parquet,4718,2843910247,happy
train_landmark_files/29302/2843918044.parquet,29302,2843918044,later
train_landmark_files/61333/2844490700.parquet,61333,2844490700,later
train_landmark_files/34503/2846539774.parquet,34503,2846539774,later
train_landmark_files/36257/2846859237.parquet,36257,2846859237,later
train_landmark_files/32319/2847269510.parquet,32319,2847269510,no
train_landmark_files/37055/2848537205.parquet,37055,2848537205,dad
train_landmark_files/32319/2851321094.parquet,32319,2851321094,later
train_landmark_files/27610/2852366986.parquet,27610,2852366986,happy
train_landmark_files/25571/2852667801.parquet,25571,2852667801,yes
train_landmark_files/2044/2853618102.parquet,2044,2853618102,no
train_landmark_files/37055/2854072255.parquet,37055,2854072255,mom
train_landmark_files/34503/2854590754.parquet,34503,2854590754,thankyou
train_landmark_files/29302/2855086460.parquet,29302,2855086460,no
train_landmark_files/61333/2855167458.parquet,61333,2855167458,yes
train_landmark_files/32319/2855876525.parquet,32319,2855876525,happy
train_landmark_files/49445/2858348637.parquet,49445,2858348637,please
train_landmark_files/2044/2864002655.parquet,2044,2864002655,sad
train_landmark_files/53618/2864134670.parquet,53618,2864134670,please
train_landmark_files/25571/2864653074.parquet,25571,2864653074,thankyou
train_landmark_files/28656/2864902604.parquet,28656,2864902604,thankyou
train_landmark_files/37055/2865107964.parquet,37055,2865107964,dad
train_landmark_files/61333/286578714.parquet,61333,286578714,yes
train_landmark_files/16069/286783232.parquet,16069,286783232,happy
train_landmark_files/32319/2867881897.parquet,32319,2867881897,please
train_landmark_files/18796/2868557276.parquet,18796,2868557276,thankyou
train_landmark_files/62590/2868684354.parquet,62590,2868684354,sad
train_landmark_files/34503/2869792645.parquet,34503,2869792645,sad
train_landmark_files/37055/2870196386.parquet,37055,2870196386,sad
train_landmark_files/26734/2870592305.parquet,26734,2870592305,hello
train_landmark_files/37779/2871023756.parquet,37779,2871023756,happy
train_landmark_files/37055/2871493547.parquet,37055,2871493547,happy
train_landmark_files/62590/2872536443.parquet,62590,2872536443,yes
train_landmark_files/53618/2872767590.parquet,53618,2872767590,mom
train_landmark_files/55372/2873280794.parquet,55372,2873280794,yes
train_landmark_files/2044/2874037671.parquet,2044,2874037671,yes
train_landmark_files/26734/2875170140.parquet,26734,2875170140,happy
train_landmark_files/36257/2875612494.parquet,36257,2875612494,thankyou
train_landmark_files/55372/2876543120.parquet,55372,2876543120,happy
train_landmark_files/27610/2876816730.parquet,27610,2876816730,yes
train_landmark_files/61333/2877504614.parquet,61333,2877504614,sad
train_landmark_files/30680/2879838145.parquet,30680,2879838145,mom
train_landmark_files/22343/2880724750.parquet,22343,2880724750,sad
train_landmark_files/16069/2881549630.parquet,16069,2881549630,dad
train_landmark_files/37779/2883307834.parquet,37779,2883307834,please
train_landmark_files/4718/2885588179.parquet,4718,2885588179,happy
train_landmark_files/4718/2886062040.parquet,4718,2886062040,sad
train_landmark_files/32319/2886940791.parquet,32319,2886940791,hello
train_landmark_files/2044/2887021946.parquet,2044,2887021946,please
train_landmark_files/34503/2889307340.parquet,34503,2889307340,sad
train_landmark_files/37779/2892699927.parquet,37779,2892699927,mom
train_landmark_files/37779/2895089641.parquet,37779,2895089641,later
train_landmark_files/49445/2899046609.parquet,49445,2899046609,yes
train_landmark_files/4718/2901191318.parquet,4718,2901191318,later
train_landmark_files/27610/2903012081.parquet,27610,2903012081,mom
train_landmark_files/25571/2904552799.parquet,25571,2904552799,thankyou
train_landmark_files/27610/290473592.parquet,27610,290473592,yes
train_landmark_files/53618/2906280876.parquet,53618,2906280876,mom
train_landmark_files/26734/2906949947.parquet,26734,2906949947,sad
train_landmark_files/32319/2908293513.parquet,32319,2908293513,happy
train_landmark_files/18796/2909244022.parquet,18796,2909244022,hello
train_landmark_files/2044/2910598710.parquet,2044,2910598710,mom
train_landmark_files/25571/2911454896.parquet,25571,2911454896,sad
train_landmark_files/26734/2912873897.parquet,26734,2912873897,hello
train_landmark_files/53618/291301955.parquet,53618,291301955,please
train_landmark_files/55372/2913077551.parquet,55372,2913077551,please
train_landmark_files/16069/2914493725.parquet,16069,2914493725,please
train_landmark_files/53618/2915861710.parquet,53618,2915861710,happy
train_landmark_files/22343/2919123537.parquet,22343,2919123537,sad
train_landmark_files/61333/291918745.parquet,61333,291918745,please
train_landmark_files/36257/292071409.parquet,36257,292071409,later
train_landmark_files/61333/2921292874.parquet,61333,2921292874,hello
train_landmark_files/22343/2922022872.parquet,22343,2922022872,mom
train_landmark_files/26734/2922214901.parquet,26734,2922214901,no
train_landmark_files/49445/2922308119.parquet,49445,2922308119,sad
train_landmark_files/53618/2922607213.parquet,53618,2922607213,thankyou
train_landmark_files/36257/2922640432.parquet,36257,2922640432,dad
train_landmark_files/37779/2924897738.parquet,37779,2924897738,mom
train_landmark_files/26734/2925007391.parquet,26734,2925007391,no
train_landmark_files/18796/2925971912.parquet,18796,2925971912,no
train_landmark_files/16069/2926984095.parquet,16069,2926984095,no
train_landmark_files/34503/2927627672.parquet,34503,2927627672,please
train_landmark_files/16069/2931310612.parquet,16069,2931310612,please
train_landmark_files/27610/2931975003.parquet,27610,2931975003,dad
train_landmark_files/32319/2933080684.parquet,32319,2933080684,sad
train_landmark_files/26734/2933551377.parquet,26734,2933551377,no
train_landmark_files/37055/2934843203.parquet,37055,2934843203,thankyou
train_landmark_files/37779/2936579534.parquet,37779,2936579534,sad
train_landmark_files/37779/293913767.parquet,37779,293913767,no
train_landmark_files/53618/2939692635.parquet,53618,2939692635,yes
train_landmark_files/29302/2940127364.parquet,29302,2940127364,thankyou
train_landmark_files/30680/2940594583.parquet,30680,2940594583,mom
train_landmark_files/61333/2941336352.parquet,61333,2941336352,happy
train_landmark_files/26734/2941522131.parquet,26734,2941522131,yes
train_landmark_files/28656/2941986920.parquet,28656,2941986920,later
train_landmark_files/29302/2942223799.parquet,29302,2942223799,sad
train_landmark_files/29302/2942908806.parquet,29302,2942908806,sad
train_landmark_files/27610/2945715257.parquet,27610,2945715257,yes
train_landmark_files/55372/2946452164.parquet,55372,2946452164,thankyou
train_landmark_files/32319/2947498480.parquet,32319,2947498480,sad
train_landmark_files/36257/2948624506.parquet,36257,2948624506,hello
train_landmark_files/29302/2949010758.parquet,29302,2949010758,no
train_landmark_files/36257/2951575052.parquet,36257,2951575052,happy
train_landmark_files/55372/2953943611.parquet,55372,2953943611,happy
train_landmark_files/29302/2954159446.parquet,29302,2954159446,happy
train_landmark_files/28656/2954436349.parquet,28656,2954436349,later
train_landmark_files/27610/2956079155.parquet,27610,2956079155,hello
train_landmark_files/36257/2956534454.parquet,36257,2956534454,thankyou
train_landmark_files/61333/2956620305.parquet,61333,2956620305,sad
train_landmark_files/22343/2959972106.parquet,22343,2959972106,happy
train_landmark_files/26734/2962120867.parquet,26734,2962120867,dad
train_landmark_files/32319/2963080672.parquet,32319,2963080672,hello
train_landmark_files/55372/2963109046.parquet,55372,2963109046,yes
train_landmark_files/28656/2963758911.parquet,28656,2963758911,mom
train_landmark_files/37055/2965329196.parquet,37055,2965329196,later
train_landmark_files/55372/2966890511.parquet,55372,2966890511,mom
train_landmark_files/34503/296766724.parquet,34503,296766724,dad
train_landmark_files/36257/2969094851.parquet,36257,2969094851,sad
train_landmark_files/49445/2969213273.parquet,49445,2969213273,later
train_landmark_files/16069/2969242205.parquet,16069,2969242205,please
train_landmark_files/55372/2969994663.parquet,55372,2969994663,mom
train_landmark_files/53618/29701290.parquet,53618,29701290,please
train_landmark_files/22343/2970364805.parquet,22343,2970364805,dad
train_landmark_files/62590/2972863076.parquet,62590,2972863076,mom
train_landmark_files/27610/2973075808.parquet,27610,2973075808,sad
train_landmark_files/26734/2973708735.parquet,26734,2973708735,later
train_landmark_files/53618/2973961189.parquet,53618,2973961189,mom
train_landmark_files/37779/2974635026.parquet,37779,2974635026,hello
train_landmark_files/36257/2975455209.parquet,36257,2975455209,sad
train_landmark_files/18796/29763744.parquet,18796,29763744,later
train_landmark_files/22343/2976811880.parquet,22343,2976811880,please
train_landmark_files/16069/298163977.parquet,16069,298163977,thankyou
train_landmark_files/18796/2982564104.parquet,18796,2982564104,thankyou
train_landmark_files/16069/2984474436.parquet,16069,2984474436,dad
train_landmark_files/34503/2986161175.parquet,34503,2986161175,please
train_landmark_files/16069/2986375296.parquet,16069,2986375296,hello
train_landmark_files/36257/2991013695.parquet,36257,2991013695,sad
train_landmark_files/37055/29918460.parquet,37055,29918460,dad
train_landmark_files/37779/2994516160.parquet,37779,2994516160,sad
train_landmark_files/29302/2995665382.parquet,29302,2995665382,no
train_landmark_files/22343/2996103179.parquet,22343,2996103179,dad
train_landmark_files/36257/2996880012.parquet,36257,2996880012,mom
train_landmark_files/61333/2997388064.parquet,61333,2997388064,dad
train_landmark_files/37055/2998606079.parquet,37055,2998606079,dad
train_landmark_files/22343/2999447761.parquet,22343,2999447761,mom
train_landmark_files/25571/300091696.parquet,25571,300091696,mom
train_landmark_files/29302/3001533292.parquet,29302,3001533292,no
train_landmark_files/37055/3004668177.parquet,37055,3004668177,thankyou
train_landmark_files/53618/3005890934.parquet,53618,3005890934,happy
train_landmark_files/49445/3007130097.parquet,49445,3007130097,dad
train_landmark_files/16069/3007198417.parquet,16069,3007198417,sad
train_landmark_files/16069/3008186115.parquet,16069,3008186115,no
train_landmark_files/62590/3008309932.parquet,62590,3008309932,dad
train_landmark_files/18796/3012540345.parquet,18796,3012540345,dad
train_landmark_files/30680/30136412.parquet,30680,30136412,thankyou
train_landmark_files/62590/301540505.parquet,62590,301540505,dad
train_landmark_files/18796/3015643098.parquet,18796,3015643098,no
train_landmark_files/49445/3015669069.parquet,49445,3015669069,no
train_landmark_files/25571/3015946119.parquet,25571,3015946119,no
train_landmark_files/62590/3016015838.parquet,62590,3016015838,happy
train_landmark_files/55372/3016451210.parquet,55372,3016451210,happy
train_landmark_files/18796/3018989466.parquet,18796,3018989466,mom
train_landmark_files/16069/3020130505.parquet,16069,3020130505,dad
train_landmark_files/18796/3020597780.parquet,18796,3020597780,happy
train_landmark_files/18796/3021685399.parquet,18796,3021685399,please
train_landmark_files/22343/302181320.parquet,22343,302181320,please
train_landmark_files/37055/3023041009.parquet,37055,3023041009,dad
train_landmark_files/36257/3024196292.parquet,36257,3024196292,sad
train_landmark_files/37779/3024652637.parquet,37779,3024652637,sad
train_landmark_files/49445/3026257239.parquet,49445,3026257239,no
train_landmark_files/36257/3026713616.parquet,36257,3026713616,please
train_landmark_files/16069/3027859369.parquet,16069,3027859369,no
train_landmark_files/18796/3028451126.parquet,18796,3028451126,later
train_landmark_files/30680/3029655934.parquet,30680,3029655934,hello
train_landmark_files/62590/3031324981.parquet,62590,3031324981,hello
train_landmark_files/22343/3031671876.parquet,22343,3031671876,please
train_landmark_files/34503/3031743447.parquet,34503,3031743447,please
train_landmark_files/62590/3032705671.parquet,62590,3032705671,thankyou
train_landmark_files/25571/3033370945.parquet,25571,3033370945,thankyou
train_landmark_files/29302/3034705925.parquet,29302,3034705925,sad
train_landmark_files/2044/3034735468.parquet,2044,3034735468,mom
train_landmark_files/30680/3035157699.parquet,30680,3035157699,happy
train_landmark_files/37779/3035864094.parquet,37779,3035864094,no
train_landmark_files/37055/3040050131.parquet,37055,3040050131,thankyou
train_landmark_files/22343/3040114393.parquet,22343,3040114393,dad
train_landmark_files/26734/3042762489.parquet,26734,3042762489,sad
train_landmark_files/30680/3043344504.parquet,30680,3043344504,no
train_landmark_files/61333/3043960099.parquet,61333,3043960099,hello
train_landmark_files/27610/3044008673.parquet,27610,3044008673,later
train_landmark_files/61333/3044899845.parquet,61333,3044899845,no
train_landmark_files/26734/3046435951.parquet,26734,3046435951,happy
train_landmark_files/49445/3048248108.parquet,49445,3048248108,sad
train_landmark_files/32319/3049906240.parquet,32319,3049906240,later
train_landmark_files/30680/305199498.parquet,30680,305199498,mom
train_landmark_files/55372/3052529866.parquet,55372,3052529866,yes
train_landmark_files/34503/3053206920.parquet,34503,3053206920,no
train_landmark_files/22343/3053779058.parquet,22343,3053779058,thankyou
train_landmark_files/2044/305400100.parquet,2044,305400100,dad
train_landmark_files/29302/3054061931.parquet,29302,3054061931,yes
train_landmark_files/37779/3054903580.parquet,37779,3054903580,no
train_landmark_files/27610/3055025496.parquet,27610,3055025496,mom
train_landmark_files/53618/3055434154.parquet,53618,3055434154,please
train_landmark_files/62590/3055726513.parquet,62590,3055726513,hello
train_landmark_files/49445/3057933714.parquet,49445,3057933714,sad
train_landmark_files/62590/30629328.parquet,62590,30629328,happy
train_landmark_files/37055/30641083.parquet,37055,30641083,please
train_landmark_files/16069/3064217544.parquet,16069,3064217544,no
train_landmark_files/61333/3064912043.parquet,61333,3064912043,hello
train_landmark_files/4718/3067665097.parquet,4718,3067665097,please
train_landmark_files/18796/3071243324.parquet,18796,3071243324,happy
train_landmark_files/36257/3071374512.parquet,36257,3071374512,mom
train_landmark_files/29302/3071482138.parquet,29302,3071482138,hello
train_landmark_files/2044/3071629420.parquet,2044,3071629420,no
train_landmark_files/2044/3072545000.parquet,2044,3072545000,later
train_landmark_files/30680/3074815491.parquet,30680,3074815491,dad
train_landmark_files/25571/3078889805.parquet,25571,3078889805,yes
train_landmark_files/53618/3079724694.parquet,53618,3079724694,mom
train_landmark_files/25571/3082757589.parquet,25571,3082757589,dad
train_landmark_files/55372/3083470020.parquet,55372,3083470020,happy
train_landmark_files/34503/3084471456.parquet,34503,3084471456,hello
train_landmark_files/26734/3084643533.parquet,26734,3084643533,mom
train_landmark_files/61333/3085461410.parquet,61333,3085461410,happy
train_landmark_files/34503/3086443078.parquet,34503,3086443078,dad
train_landmark_files/28656/3089866419.parquet,28656,3089866419,hello
train_landmark_files/16069/3093605770.parquet,16069,3093605770,thankyou
train_landmark_files/61333/3093839666.parquet,61333,3093839666,sad
train_landmark_files/36257/3095382574.parquet,36257,3095382574,sad
train_landmark_files/37055/3096325522.parquet,37055,3096325522,later
train_landmark_files/2044/3096505698.parquet,2044,3096505698,please
train_landmark_files/30680/3099031893.parquet,30680,3099031893,thankyou
train_landmark_files/37779/3099137043.parquet,37779,3099137043,yes
train_landmark_files/29302/3099521070.parquet,29302,3099521070,dad
train_landmark_files/61333/3101297641.parquet,61333,3101297641,hello
train_landmark_files/16069/3101326465.parquet,16069,3101326465,later
train_landmark_files/29302/3103599624.parquet,29302,3103599624,yes
train_landmark_files/37055/310427813.parquet,37055,310427813,mom
train_landmark_files/25571/3104733186.parquet,25571,3104733186,sad
train_landmark_files/34503/3105266650.parquet,34503,3105266650,hello
train_landmark_files/62590/3106716477.parquet,62590,3106716477,yes
train_landmark_files/53618/3107028704.parquet,53618,3107028704,hello
train_landmark_files/49445/3107031843.parquet,49445,3107031843,no
train_landmark_files/49445/3109198274.parquet,49445,3109198274,sad
train_landmark_files/61333/3109925055.parquet,61333,3109925055,sad
train_landmark_files/62590/3109958547.parquet,62590,3109958547,hello
train_landmark_files/53618/3112319917.parquet,53618,3112319917,hello
train_landmark_files/53618/3112665872.parquet,53618,3112665872,dad
train_landmark_files/22343/3114298156.parquet,22343,3114298156,yes
train_landmark_files/25571/3115265315.parquet,25571,3115265315,hello
train_landmark_files/34503/3117340577.parquet,34503,3117340577,dad
train_landmark_files/2044/3117562323.parquet,2044,3117562323,sad
train_landmark_files/49445/3117803566.parquet,49445,3117803566,no
train_landmark_files/28656/3120693005.parquet,28656,3120693005,no
train_landmark_files/22343/3121644935.parquet,22343,3121644935,please
train_landmark_files/29302/3123452997.parquet,29302,3123452997,happy
train_landmark_files/62590/312352211.parquet,62590,312352211,no
train_landmark_files/32319/3123714763.parquet,32319,3123714763,mom
train_landmark_files/36257/3126285206.parquet,36257,3126285206,sad
train_landmark_files/37779/3127406155.parquet,37779,3127406155,dad
train_landmark_files/53618/3127591466.parquet,53618,3127591466,sad
train_landmark_files/32319/3128413710.parquet,32319,3128413710,later
train_landmark_files/53618/313268967.parquet,53618,313268967,yes
train_landmark_files/55372/3133048074.parquet,55372,3133048074,later
train_landmark_files/62590/3133101904.parquet,62590,3133101904,dad
train_landmark_files/18796/3133787943.parquet,18796,3133787943,please
train_landmark_files/30680/3136026640.parquet,30680,3136026640,later
train_landmark_files/27610/3136111087.parquet,27610,3136111087,sad
train_landmark_files/27610/3137685981.parquet,27610,3137685981,please
train_landmark_files/61333/314044618.parquet,61333,314044618,happy
train_landmark_files/28656/3141152989.parquet,28656,3141152989,happy
train_landmark_files/29302/3141499133.parquet,29302,3141499133,please
train_landmark_files/37055/3141994156.parquet,37055,3141994156,mom
train_landmark_files/22343/314299185.parquet,22343,314299185,yes
train_landmark_files/18796/3143016699.parquet,18796,3143016699,sad
train_landmark_files/53618/3143941907.parquet,53618,3143941907,sad
train_landmark_files/16069/3144518634.parquet,16069,3144518634,mom
train_landmark_files/37055/3144522333.parquet,37055,3144522333,please
train_landmark_files/27610/314634651.parquet,27610,314634651,yes
train_landmark_files/61333/3148136499.parquet,61333,3148136499,thankyou
train_landmark_files/29302/3148325109.parquet,29302,3148325109,sad
train_landmark_files/2044/3148437311.parquet,2044,3148437311,hello
train_landmark_files/28656/3149116908.parquet,28656,3149116908,please
train_landmark_files/49445/3149893574.parquet,49445,3149893574,yes
train_landmark_files/34503/3150264412.parquet,34503,3150264412,mom
train_landmark_files/55372/3151069053.parquet,55372,3151069053,thankyou
train_landmark_files/34503/315252916.parquet,34503,315252916,later
train_landmark_files/32319/3154044095.parquet,32319,3154044095,thankyou
train_landmark_files/25571/315638180.parquet,25571,315638180,yes
train_landmark_files/37779/3156471654.parquet,37779,3156471654,mom
train_landmark_files/37779/3162076310.parquet,37779,3162076310,sad
train_landmark_files/53618/3163101680.parquet,53618,3163101680,please
train_landmark_files/61333/316492769.parquet,61333,316492769,dad
train_landmark_files/53618/3164977097.parquet,53618,3164977097,sad
train_landmark_files/36257/3165002502.parquet,36257,3165002502,mom
train_landmark_files/2044/3166509724.parquet,2044,3166509724,yes
train_landmark_files/27610/3167884113.parquet,27610,3167884113,please
train_landmark_files/55372/3168055403.parquet,55372,3168055403,happy
train_landmark_files/53618/3169472083.parquet,53618,3169472083,mom
train_landmark_files/29302/3173315878.parquet,29302,3173315878,thankyou
train_landmark_files/36257/3173327396.parquet,36257,3173327396,happy
train_landmark_files/61333/3175107824.parquet,61333,3175107824,no
train_landmark_files/32319/3175451720.parquet,32319,3175451720,hello
train_landmark_files/32319/3176658796.parquet,32319,3176658796,happy
train_landmark_files/2044/3179465703.parquet,2044,3179465703,mom
train_landmark_files/27610/3180847825.parquet,27610,3180847825,dad
train_landmark_files/55372/3183705929.parquet,55372,3183705929,hello
train_landmark_files/28656/3184474979.parquet,28656,3184474979,mom
train_landmark_files/36257/31847661.parquet,36257,31847661,hello
train_landmark_files/16069/3186262444.parquet,16069,3186262444,hello
train_landmark_files/27610/3187149576.parquet,27610,3187149576,thankyou
train_landmark_files/61333/3187468392.parquet,61333,3187468392,dad
train_landmark_files/61333/3188421575.parquet,61333,3188421575,mom
train_landmark_files/34503/3189457328.parquet,34503,3189457328,thankyou
train_landmark_files/25571/3190339878.parquet,25571,3190339878,thankyou
train_landmark_files/36257/3191028345.parquet,36257,3191028345,thankyou
train_landmark_files/36257/3191344649.parquet,36257,3191344649,thankyou
train_landmark_files/32319/3191355034.parquet,32319,3191355034,hello
train_landmark_files/25571/3192205726.parquet,25571,3192205726,mom
train_landmark_files/36257/3194739088.parquet,36257,3194739088,mom
train_landmark_files/49445/3196508796.parquet,49445,3196508796,no
train_landmark_files/2044/3196736964.parquet,2044,3196736964,yes
train_landmark_files/37779/3197296825.parquet,37779,3197296825,later
train_landmark_files/55372/3198022240.parquet,55372,3198022240,thankyou
train_landmark_files/29302/3198067804.parquet,29302,3198067804,please
train_landmark_files/29302/3202073399.parquet,29302,3202073399,dad
train_landmark_files/53618/320226459.parquet,53618,320226459,later
train_landmark_files/37055/3203282566.parquet,37055,3203282566,later
train_landmark_files/29302/320381622.parquet,29302,320381622,mom
train_landmark_files/22343/3204698296.parquet,22343,3204698296,please
train_landmark_files/55372/3205278723.parquet,55372,3205278723,mom
train_landmark_files/25571/3206929071.parquet,25571,3206929071,hello
train_landmark_files/4718/3209183075.parquet,4718,3209183075,dad
train_landmark_files/34503/3211199181.parquet,34503,3211199181,happy
train_landmark_files/25571/3211204413.parquet,25571,3211204413,later
train_landmark_files/62590/3211229912.parquet,62590,3211229912,yes
train_landmark_files/34503/321239928.parquet,34503,321239928,no
train_landmark_files/34503/3216607478.parquet,34503,3216607478,thankyou
train_landmark_files/53618/3217403017.parquet,53618,3217403017,hello
train_landmark_files/18796/3217547373.parquet,18796,3217547373,dad
train_landmark_files/18796/3218492989.parquet,18796,3218492989,hello
train_landmark_files/32319/3219240979.parquet,32319,3219240979,hello
train_landmark_files/27610/3219446841.parquet,27610,3219446841,happy
train_landmark_files/32319/3220952973.parquet,32319,3220952973,please
train_landmark_files/28656/3221659607.parquet,28656,3221659607,happy
train_landmark_files/29302/3222989121.parquet,29302,3222989121,yes
train_landmark_files/37055/3227277521.parquet,37055,3227277521,no
train_landmark_files/16069/3227724222.parquet,16069,3227724222,please
train_landmark_files/37055/3229096267.parquet,37055,3229096267,hello
train_landmark_files/53618/3232312329.parquet,53618,3232312329,dad
train_landmark_files/37779/3233407956.parquet,37779,3233407956,no
train_landmark_files/34503/3235388007.parquet,34503,3235388007,dad
train_landmark_files/22343/3238291885.parquet,22343,3238291885,hello
train_landmark_files/37779/3238344745.parquet,37779,3238344745,happy
train_landmark_files/36257/3239058050.parquet,36257,3239058050,yes
train_landmark_files/55372/3239464239.parquet,55372,3239464239,sad
train_landmark_files/37055/3239707229.parquet,37055,3239707229,hello
train_landmark_files/25571/3239842870.parquet,25571,3239842870,please
train_landmark_files/28656/3240630215.parquet,28656,3240630215,later
train_landmark_files/36257/3240800487.parquet,36257,3240800487,happy
train_landmark_files/37055/3240867559.parquet,37055,3240867559,hello
train_landmark_files/27610/3241181362.parquet,27610,3241181362,sad
train_landmark_files/28656/3241623800.parquet,28656,3241623800,dad
train_landmark_files/22343/3242111989.parquet,22343,3242111989,hello
train_landmark_files/27610/3242160486.parquet,27610,3242160486,hello
train_landmark_files/26734/3242554093.parquet,26734,3242554093,dad
train_landmark_files/30680/3242883142.parquet,30680,3242883142,no
train_landmark_files/26734/3243648199.parquet,26734,3243648199,hello
train_landmark_files/18796/3243725240.parquet,18796,3243725240,yes
train_landmark_files/61333/3243872811.parquet,61333,3243872811,no
train_landmark_files/34503/3244245699.parquet,34503,3244245699,thankyou
train_landmark_files/16069/3244262820.parquet,16069,3244262820,later
train_landmark_files/53618/32448106.parquet,53618,32448106,sad
train_landmark_files/36257/3245706769.parquet,36257,3245706769,thankyou
train_landmark_files/30680/3246291785.parquet,30680,3246291785,hello
train_landmark_files/32319/3247901988.parquet,32319,3247901988,please
train_landmark_files/30680/3248042089.parquet,30680,3248042089,later
train_landmark_files/37779/3248936170.parquet,37779,3248936170,please
train_landmark_files/61333/3249387235.parquet,61333,3249387235,mom
train_landmark_files/29302/3249729087.parquet,29302,3249729087,sad
train_landmark_files/26734/3250380292.parquet,26734,3250380292,no
train_landmark_files/22343/3251524126.parquet,22343,3251524126,happy
train_landmark_files/4718/3251532232.parquet,4718,3251532232,hello
train_landmark_files/28656/3254031845.parquet,28656,3254031845,please
train_landmark_files/25571/3254495796.parquet,25571,3254495796,later
train_landmark_files/30680/3257909962.parquet,30680,3257909962,mom
train_landmark_files/25571/3264354282.parquet,25571,3264354282,please
train_landmark_files/61333/3265291588.parquet,61333,3265291588,yes
train_landmark_files/62590/3266699146.parquet,62590,3266699146,later
train_landmark_files/37779/3268447495.parquet,37779,3268447495,later
train_landmark_files/34503/3268677763.parquet,34503,3268677763,hello
train_landmark_files/53618/3269435489.parquet,53618,3269435489,happy
train_landmark_files/61333/3269563157.parquet,61333,3269563157,please
train_landmark_files/4718/3269623641.parquet,4718,3269623641,mom
train_landmark_files/49445/3270197388.parquet,49445,3270197388,sad
train_landmark_files/62590/3270461661.parquet,62590,3270461661,no
train_landmark_files/61333/32719338.parquet,61333,32719338,mom
train_landmark_files/36257/3272389667.parquet,36257,3272389667,yes
train_landmark_files/2044/3272850500.parquet,2044,3272850500,thankyou
train_landmark_files/22343/327555063.parquet,22343,327555063,yes
train_landmark_files/27610/3276636964.parquet,27610,3276636964,dad
train_landmark_files/30680/3278074919.parquet,30680,3278074919,thankyou
train_landmark_files/55372/3278236355.parquet,55372,3278236355,dad
train_landmark_files/55372/3278697969.parquet,55372,3278697969,later
train_landmark_files/53618/3279027774.parquet,53618,3279027774,please
train_landmark_files/4718/3279735979.parquet,4718,3279735979,later
train_landmark_files/34503/328036279.parquet,34503,328036279,dad
train_landmark_files/28656/328056546.parquet,28656,328056546,later
train_landmark_files/36257/3281302966.parquet,36257,3281302966,thankyou
train_landmark_files/26734/328193150.parquet,26734,328193150,later
train_landmark_files/4718/3283186140.parquet,4718,3283186140,mom
train_landmark_files/4718/3285494096.parquet,4718,3285494096,happy
train_landmark_files/55372/3286044248.parquet,55372,3286044248,hello
train_landmark_files/37055/3286454558.parquet,37055,3286454558,dad
train_landmark_files/25571/3288661271.parquet,25571,3288661271,dad
train_landmark_files/62590/3289225767.parquet,62590,3289225767,please
train_landmark_files/36257/328933740.parquet,36257,328933740,dad
train_landmark_files/61333/3290444746.parquet,61333,3290444746,please
train_landmark_files/34503/3293036211.parquet,34503,3293036211,no
train_landmark_files/22343/3296832841.parquet,22343,3296832841,thankyou
train_landmark_files/37779/3296999664.parquet,37779,3296999664,no
train_landmark_files/37779/3297727572.parquet,37779,3297727572,later
train_landmark_files/37055/3297969315.parquet,37055,3297969315,happy
train_landmark_files/32319/3298234353.parquet,32319,3298234353,yes
train_landmark_files/16069/3299052624.parquet,16069,3299052624,hello
train_landmark_files/34503/3299337217.parquet,34503,3299337217,happy
train_landmark_files/16069/3299471500.parquet,16069,3299471500,sad
train_landmark_files/37779/3300828124.parquet,37779,3300828124,happy
train_landmark_files/29302/3301241920.parquet,29302,3301241920,no
train_landmark_files/37055/3302580809.parquet,37055,3302580809,hello
train_landmark_files/61333/3303249496.parquet,61333,3303249496,hello
train_landmark_files/37055/330508198.parquet,37055,330508198,thankyou
train_landmark_files/37055/3305879315.parquet,37055,3305879315,thankyou
train_landmark_files/26734/3306178416.parquet,26734,3306178416,yes
train_landmark_files/2044/3306573945.parquet,2044,3306573945,hello
train_landmark_files/18796/3307062272.parquet,18796,3307062272,dad
train_landmark_files/4718/3307435205.parquet,4718,3307435205,no
train_landmark_files/37779/3308544907.parquet,37779,3308544907,happy
train_landmark_files/53618/3308656935.parquet,53618,3308656935,please
train_landmark_files/28656/3308660623.parquet,28656,3308660623,no
train_landmark_files/34503/330964638.parquet,34503,330964638,mom
train_landmark_files/61333/3310240869.parquet,61333,3310240869,sad
train_landmark_files/27610/3310658648.parquet,27610,3310658648,sad
train_landmark_files/26734/3311860718.parquet,26734,3311860718,later
train_landmark_files/27610/3312188669.parquet,27610,3312188669,dad
train_landmark_files/37055/3312621025.parquet,37055,3312621025,dad
train_landmark_files/36257/3312977973.parquet,36257,3312977973,happy
train_landmark_files/49445/3313013062.parquet,49445,3313013062,happy
train_landmark_files/4718/3316116565.parquet,4718,3316116565,hello
train_landmark_files/55372/331709473.parquet,55372,331709473,please
train_landmark_files/4718/3320066341.parquet,4718,3320066341,later
train_landmark_files/37779/3320070907.parquet,37779,3320070907,yes
train_landmark_files/49445/3320137406.parquet,49445,3320137406,mom
train_landmark_files/37779/3323833556.parquet,37779,3323833556,no
train_landmark_files/4718/3324678948.parquet,4718,3324678948,thankyou
train_landmark_files/53618/3324900964.parquet,53618,3324900964,mom
train_landmark_files/32319/3325710307.parquet,32319,3325710307,later
train_landmark_files/61333/3329759032.parquet,61333,3329759032,happy
train_landmark_files/2044/3330886600.parquet,2044,3330886600,later
train_landmark_files/32319/3331051399.parquet,32319,3331051399,no
train_landmark_files/32319/3331390225.parquet,32319,3331390225,hello
train_landmark_files/26734/3332605073.parquet,26734,3332605073,dad
train_landmark_files/37055/3332663184.parquet,37055,3332663184,later
train_landmark_files/32319/3333018852.parquet,32319,3333018852,mom
train_landmark_files/16069/3333376822.parquet,16069,3333376822,no
train_landmark_files/29302/3335976564.parquet,29302,3335976564,dad
train_landmark_files/27610/3339296960.parquet,27610,3339296960,yes
train_landmark_files/28656/3339949857.parquet,28656,3339949857,happy
train_landmark_files/32319/3342239954.parquet,32319,3342239954,later
train_landmark_files/16069/3342772837.parquet,16069,3342772837,mom
train_landmark_files/49445/3344231307.parquet,49445,3344231307,sad
train_landmark_files/30680/334497030.parquet,30680,334497030,dad
train_landmark_files/61333/3344973805.parquet,61333,3344973805,thankyou
train_landmark_files/25571/3345134970.parquet,25571,3345134970,please
train_landmark_files/49445/3346883863.parquet,49445,3346883863,please
train_landmark_files/2044/3346969399.parquet,2044,3346969399,hello
train_landmark_files/30680/3347710101.parquet,30680,3347710101,mom
train_landmark_files/16069/3347822128.parquet,16069,3347822128,dad
train_landmark_files/53618/3348084870.parquet,53618,3348084870,mom
train_landmark_files/61333/3350552116.parquet,61333,3350552116,later
train_landmark_files/16069/3350923262.parquet,16069,3350923262,thankyou
train_landmark_files/18796/3352461416.parquet,18796,3352461416,hello
train_landmark_files/18796/3353357696.parquet,18796,3353357696,hello
train_landmark_files/62590/3353947478.parquet,62590,3353947478,happy
train_landmark_files/49445/3354279689.parquet,49445,3354279689,yes
train_landmark_files/18796/3356119723.parquet,18796,3356119723,dad
train_landmark_files/2044/335752780.parquet,2044,335752780,sad
train_landmark_files/16069/3360625093.parquet,16069,3360625093,yes
train_landmark_files/25571/3361399707.parquet,25571,3361399707,please
train_landmark_files/37779/3362011976.parquet,37779,3362011976,please
train_landmark_files/26734/3362914394.parquet,26734,3362914394,later
train_landmark_files/53618/3362999880.parquet,53618,3362999880,dad
train_landmark_files/61333/3363168899.parquet,61333,3363168899,please
train_landmark_files/62590/3364156638.parquet,62590,3364156638,later
train_landmark_files/22343/3365302034.parquet,22343,3365302034,no
train_landmark_files/32319/3366642127.parquet,32319,3366642127,thankyou
train_landmark_files/29302/3369055453.parquet,29302,3369055453,hello
train_landmark_files/55372/3369484021.parquet,55372,3369484021,yes
train_landmark_files/34503/3370728507.parquet,34503,3370728507,later
train_landmark_files/53618/3371350251.parquet,53618,3371350251,sad
train_landmark_files/61333/3371481351.parquet,61333,3371481351,please
train_landmark_files/18796/3372279283.parquet,18796,3372279283,yes
train_landmark_files/30680/3372736116.parquet,30680,3372736116,happy
train_landmark_files/26734/3373837187.parquet,26734,3373837187,thankyou
train_landmark_files/62590/3375784972.parquet,62590,3375784972,please
train_landmark_files/2044/3376917900.parquet,2044,3376917900,dad
train_landmark_files/4718/3378415922.parquet,4718,3378415922,please
train_landmark_files/4718/3380454422.parquet,4718,3380454422,mom
train_landmark_files/37779/3380593852.parquet,37779,3380593852,mom
train_landmark_files/26734/3380871450.parquet,26734,3380871450,sad
train_landmark_files/36257/3383034576.parquet,36257,3383034576,hello
train_landmark_files/4718/3383955143.parquet,4718,3383955143,yes
train_landmark_files/29302/338461022.parquet,29302,338461022,later
train_landmark_files/61333/3384630444.parquet,61333,3384630444,no
train_landmark_files/61333/3385253895.parquet,61333,3385253895,no
train_landmark_files/53618/3389182938.parquet,53618,3389182938,yes
train_landmark_files/53618/3389427142.parquet,53618,3389427142,hello
train_landmark_files/36257/338972005.parquet,36257,338972005,thankyou
train_landmark_files/55372/3390703536.parquet,55372,3390703536,dad
train_landmark_files/4718/3391006466.parquet,4718,3391006466,thankyou
train_landmark_files/18796/3391582885.parquet,18796,3391582885,happy
train_landmark_files/62590/3392036092.parquet,62590,3392036092,mom
train_landmark_files/26734/3392114972.parquet,26734,3392114972,mom
train_landmark_files/2044/3392602162.parquet,2044,3392602162,dad
train_landmark_files/28656/3395885681.parquet,28656,3395885681,dad
train_landmark_files/37779/3398433869.parquet,37779,3398433869,yes
train_landmark_files/30680/3399143982.parquet,30680,3399143982,later
train_landmark_files/37055/3400662924.parquet,37055,3400662924,later
train_landmark_files/62590/3401129089.parquet,62590,3401129089,no
train_landmark_files/29302/3401624788.parquet,29302,3401624788,dad
train_landmark_files/37055/3402793238.parquet,37055,3402793238,yes
train_landmark_files/26734/3403999363.parquet,26734,3403999363,mom
train_landmark_files/53618/3404439685.parquet,53618,3404439685,sad
train_landmark_files/25571/3406577626.parquet,25571,3406577626,mom
train_landmark_files/49445/3406719979.parquet,49445,3406719979,yes
train_landmark_files/53618/3408166894.parquet,53618,3408166894,yes
train_landmark_files/34503/3408196669.parquet,34503,3408196669,thankyou
train_landmark_files/49445/3412521102.parquet,49445,3412521102,dad
train_landmark_files/26734/3414640618.parquet,26734,3414640618,hello
train_landmark_files/32319/3414891794.parquet,32319,3414891794,please
train_landmark_files/37055/3416750672.parquet,37055,3416750672,dad
train_landmark_files/37055/3418695009.parquet,37055,3418695009,later
train_landmark_files/18796/3420689934.parquet,18796,3420689934,sad
train_landmark_files/53618/3421014029.parquet,53618,3421014029,happy
train_landmark_files/27610/3421971009.parquet,27610,3421971009,sad
train_landmark_files/22343/3423569758.parquet,22343,3423569758,thankyou
train_landmark_files/53618/3425054440.parquet,53618,3425054440,mom
train_landmark_files/18796/3425245799.parquet,18796,3425245799,later
train_landmark_files/26734/3425463686.parquet,26734,3425463686,please
train_landmark_files/37055/3425547226.parquet,37055,3425547226,sad
train_landmark_files/62590/3426056538.parquet,62590,3426056538,yes
train_landmark_files/2044/3428522577.parquet,2044,3428522577,dad
train_landmark_files/37779/342936776.parquet,37779,342936776,hello
train_landmark_files/32319/3430029732.parquet,32319,3430029732,hello
train_landmark_files/49445/3432827993.parquet,49445,3432827993,thankyou
train_landmark_files/49445/3433047880.parquet,49445,3433047880,happy
train_landmark_files/29302/3434419009.parquet,29302,3434419009,no
train_landmark_files/37055/3434444905.parquet,37055,3434444905,please
train_landmark_files/27610/3435461352.parquet,27610,3435461352,dad
train_landmark_files/26734/3437010544.parquet,26734,3437010544,hello
train_landmark_files/26734/3441046702.parquet,26734,3441046702,yes
train_landmark_files/22343/3441143964.parquet,22343,3441143964,please
train_landmark_files/61333/3441510133.parquet,61333,3441510133,dad
train_landmark_files/36257/3445210051.parquet,36257,3445210051,hello
train_landmark_files/25571/3446692381.parquet,25571,3446692381,yes
train_landmark_files/55372/3448515549.parquet,55372,3448515549,happy
train_landmark_files/53618/344963448.parquet,53618,344963448,sad
train_landmark_files/29302/3450014634.parquet,29302,3450014634,sad
train_landmark_files/27610/3450421380.parquet,27610,3450421380,happy
train_landmark_files/32319/3450758667.parquet,32319,3450758667,hello
train_landmark_files/16069/3451207058.parquet,16069,3451207058,please
train_landmark_files/30680/3452374742.parquet,30680,3452374742,mom
train_landmark_files/16069/3453423341.parquet,16069,3453423341,happy
train_landmark_files/25571/3454205491.parquet,25571,3454205491,dad
train_landmark_files/30680/3455900778.parquet,30680,3455900778,hello
train_landmark_files/26734/3456069099.parquet,26734,3456069099,yes
train_landmark_files/30680/3456360798.parquet,30680,3456360798,yes
train_landmark_files/37779/3456620927.parquet,37779,3456620927,please
train_landmark_files/37779/3456791103.parquet,37779,3456791103,dad
train_landmark_files/49445/3457932792.parquet,49445,3457932792,no
train_landmark_files/2044/3460484741.parquet,2044,3460484741,later
train_landmark_files/49445/3460685476.parquet,49445,3460685476,dad
train_landmark_files/34503/3460697015.parquet,34503,3460697015,please
train_landmark_files/4718/3460903854.parquet,4718,3460903854,please
train_landmark_files/49445/3461530262.parquet,49445,3461530262,happy
train_landmark_files/49445/3462295317.parquet,49445,3462295317,later
train_landmark_files/32319/3463604152.parquet,32319,3463604152,dad
train_landmark_files/49445/3464036095.parquet,49445,3464036095,yes
train_landmark_files/4718/3469388711.parquet,4718,3469388711,thankyou
train_landmark_files/37779/3470647429.parquet,37779,3470647429,dad
train_landmark_files/26734/3471403597.parquet,26734,3471403597,sad
train_landmark_files/2044/3474234858.parquet,2044,3474234858,dad
train_landmark_files/28656/3474585258.parquet,28656,3474585258,hello
train_landmark_files/26734/3474755256.parquet,26734,3474755256,mom
train_landmark_files/29302/3475599810.parquet,29302,3475599810,happy
train_landmark_files/53618/3476077062.parquet,53618,3476077062,happy
train_landmark_files/62590/3476477840.parquet,62590,3476477840,later
train_landmark_files/62590/34781641.parquet,62590,34781641,thankyou
train_landmark_files/32319/3481339813.parquet,32319,3481339813,no
train_landmark_files/37055/3483882502.parquet,37055,3483882502,please
train_landmark_files/37055/3484568116.parquet,37055,3484568116,later
train_landmark_files/22343/3486483391.parquet,22343,3486483391,hello
train_landmark_files/37779/3488483213.parquet,37779,3488483213,no
train_landmark_files/55372/3489810014.parquet,55372,3489810014,mom
train_landmark_files/29302/3490595100.parquet,29302,3490595100,happy
train_landmark_files/53618/3491862295.parquet,53618,3491862295,later
train_landmark_files/16069/3492501504.parquet,16069,3492501504,no
train_landmark_files/61333/3494483176.parquet,61333,3494483176,thankyou
train_landmark_files/36257/3494737722.parquet,36257,3494737722,sad
train_landmark_files/28656/3496079819.parquet,28656,3496079819,mom
train_landmark_files/62590/3496244446.parquet,62590,3496244446,mom
train_landmark_files/49445/3497287984.parquet,49445,3497287984,mom
train_landmark_files/2044/3498141580.parquet,2044,3498141580,later
train_landmark_files/29302/3498230806.parquet,29302,3498230806,no
train_landmark_files/2044/3499123440.parquet,2044,3499123440,please
train_landmark_files/25571/3499469498.parquet,25571,3499469498,happy
train_landmark_files/37779/3500095760.parquet,37779,3500095760,please
train_landmark_files/36257/3500439126.parquet,36257,3500439126,yes
train_landmark_files/4718/3500703387.parquet,4718,3500703387,dad
train_landmark_files/61333/3501985677.parquet,61333,3501985677,later
train_landmark_files/37779/3502848305.parquet,37779,3502848305,sad
train_landmark_files/4718/3504171511.parquet,4718,3504171511,yes
train_landmark_files/53618/350549238.parquet,53618,350549238,yes
train_landmark_files/30680/3512560978.parquet,30680,3512560978,later
train_landmark_files/26734/3513733519.parquet,26734,3513733519,dad
train_landmark_files/26734/3513947960.parquet,26734,3513947960,later
train_landmark_files/25571/3518102985.parquet,25571,3518102985,dad
train_landmark_files/2044/3519035635.parquet,2044,3519035635,hello
train_landmark_files/18796/3519812720.parquet,18796,3519812720,dad
train_landmark_files/32319/3519918087.parquet,32319,3519918087,happy
train_landmark_files/55372/3521740458.parquet,55372,3521740458,please
train_landmark_files/22343/3522143974.parquet,22343,3522143974,hello
train_landmark_files/26734/3522238834.parquet,26734,3522238834,mom
train_landmark_files/37779/3522600582.parquet,37779,3522600582,thankyou
train_landmark_files/25571/3522774742.parquet,25571,3522774742,dad
train_landmark_files/34503/3523032930.parquet,34503,3523032930,hello
train_landmark_files/28656/3524334299.parquet,28656,3524334299,please
train_landmark_files/61333/3524362747.parquet,61333,3524362747,happy
train_landmark_files/2044/3527816293.parquet,2044,3527816293,please
train_landmark_files/61333/3528005913.parquet,61333,3528005913,sad
train_landmark_files/61333/3528378205.parquet,61333,3528378205,sad
train_landmark_files/37779/3530987972.parquet,37779,3530987972,dad
train_landmark_files/30680/3531177933.parquet,30680,3531177933,sad
train_landmark_files/18796/3532493267.parquet,18796,3532493267,mom
train_landmark_files/36257/3532646385.parquet,36257,3532646385,yes
train_landmark_files/27610/3534238639.parquet,27610,3534238639,happy
train_landmark_files/28656/3535606072.parquet,28656,3535606072,yes
train_landmark_files/36257/3535647128.parquet,36257,3535647128,dad
train_landmark_files/61333/3536187667.parquet,61333,3536187667,thankyou
train_landmark_files/30680/3536713623.parquet,30680,3536713623,please
train_landmark_files/18796/3537392371.parquet,18796,3537392371,later
train_landmark_files/22343/3537773661.parquet,22343,3537773661,sad
train_landmark_files/32319/3538810297.parquet,32319,3538810297,please
train_landmark_files/34503/3538960475.parquet,34503,3538960475,dad
train_landmark_files/16069/354015138.parquet,16069,354015138,thankyou
train_landmark_files/61333/3540310539.parquet,61333,3540310539,later
train_landmark_files/37779/3542891475.parquet,37779,3542891475,please
train_landmark_files/62590/354386472.parquet,62590,354386472,no
train_landmark_files/61333/354482404.parquet,61333,354482404,yes
train_landmark_files/32319/3545820835.parquet,32319,3545820835,later
train_landmark_files/55372/3547563541.parquet,55372,3547563541,hello
train_landmark_files/55372/3548334626.parquet,55372,3548334626,later
train_landmark_files/32319/3548381647.parquet,32319,3548381647,happy
train_landmark_files/16069/3549071678.parquet,16069,3549071678,sad
train_landmark_files/2044/3549254431.parquet,2044,3549254431,yes
train_landmark_files/26734/3550153456.parquet,26734,3550153456,yes
train_landmark_files/16069/3553650714.parquet,16069,3553650714,sad
train_landmark_files/37779/3554153204.parquet,37779,3554153204,happy
train_landmark_files/36257/3556879241.parquet,36257,3556879241,later
train_landmark_files/27610/3557948261.parquet,27610,3557948261,thankyou
train_landmark_files/29302/3558747742.parquet,29302,3558747742,please
train_landmark_files/22343/355906912.parquet,22343,355906912,later
train_landmark_files/4718/3560760629.parquet,4718,3560760629,happy
train_landmark_files/30680/3561264114.parquet,30680,3561264114,dad
train_landmark_files/4718/3563750735.parquet,4718,3563750735,yes
train_landmark_files/53618/3565242727.parquet,53618,3565242727,sad
train_landmark_files/18796/356592561.parquet,18796,356592561,sad
train_landmark_files/62590/3567297996.parquet,62590,3567297996,thankyou
train_landmark_files/28656/3569360651.parquet,28656,3569360651,mom
train_landmark_files/18796/3573210597.parquet,18796,3573210597,mom
train_landmark_files/53618/3573307720.parquet,53618,3573307720,dad
train_landmark_files/34503/3574726715.parquet,34503,3574726715,yes
train_landmark_files/4718/3578726346.parquet,4718,3578726346,happy
train_landmark_files/30680/3579207747.parquet,30680,3579207747,please
train_landmark_files/55372/3580125552.parquet,55372,3580125552,mom
train_landmark_files/55372/3582491179.parquet,55372,3582491179,happy
train_landmark_files/37779/3584388863.parquet,37779,3584388863,happy
train_landmark_files/27610/358598825.parquet,27610,358598825,happy
train_landmark_files/49445/3586357030.parquet,49445,3586357030,later
train_landmark_files/18796/3586377265.parquet,18796,3586377265,sad
train_landmark_files/26734/358818841.parquet,26734,358818841,hello
train_landmark_files/36257/3589713959.parquet,36257,3589713959,no
train_landmark_files/2044/3589939655.parquet,2044,3589939655,yes
train_landmark_files/22343/3590093537.parquet,22343,3590093537,mom
train_landmark_files/62590/3590958753.parquet,62590,3590958753,thankyou
train_landmark_files/16069/3592345936.parquet,16069,3592345936,yes
train_landmark_files/34503/3592776306.parquet,34503,3592776306,yes
train_landmark_files/2044/3593022641.parquet,2044,3593022641,yes
train_landmark_files/49445/3593171386.parquet,49445,3593171386,yes
train_landmark_files/4718/3595617329.parquet,4718,3595617329,please
train_landmark_files/28656/3599400784.parquet,28656,3599400784,later
train_landmark_files/28656/3599823247.parquet,28656,3599823247,mom
train_landmark_files/36257/3600340880.parquet,36257,3600340880,dad
train_landmark_files/55372/3601255293.parquet,55372,3601255293,please
train_landmark_files/2044/36032215.parquet,2044,36032215,no
train_landmark_files/27610/3605106647.parquet,27610,3605106647,thankyou
train_landmark_files/62590/3605357544.parquet,62590,3605357544,happy
train_landmark_files/32319/3606423788.parquet,32319,3606423788,happy
train_landmark_files/61333/3607432781.parquet,61333,3607432781,thankyou
train_landmark_files/61333/3608417352.parquet,61333,3608417352,later
train_landmark_files/28656/360922499.parquet,28656,360922499,yes
train_landmark_files/34503/3610479325.parquet,34503,3610479325,later
train_landmark_files/61333/3611608136.parquet,61333,3611608136,please
train_landmark_files/53618/3613299738.parquet,53618,3613299738,mom
train_landmark_files/37055/3613378717.parquet,37055,3613378717,sad
train_landmark_files/36257/3614297483.parquet,36257,3614297483,happy
train_landmark_files/29302/3619966552.parquet,29302,3619966552,thankyou
train_landmark_files/32319/3621670698.parquet,32319,3621670698,dad
train_landmark_files/36257/3621674762.parquet,36257,3621674762,dad
train_landmark_files/26734/3622578540.parquet,26734,3622578540,yes
train_landmark_files/28656/3623365239.parquet,28656,3623365239,no
train_landmark_files/2044/3623745042.parquet,2044,3623745042,mom
train_landmark_files/62590/3623770088.parquet,62590,3623770088,sad
train_landmark_files/37779/3624385304.parquet,37779,3624385304,later
train_landmark_files/36257/3624994334.parquet,36257,3624994334,sad
train_landmark_files/37779/3625005056.parquet,37779,3625005056,yes
train_landmark_files/28656/3625323369.parquet,28656,3625323369,sad
train_landmark_files/34503/3626530257.parquet,34503,3626530257,thankyou
train_landmark_files/29302/3626580206.parquet,29302,3626580206,no
train_landmark_files/55372/362760909.parquet,55372,362760909,mom
train_landmark_files/4718/3628391515.parquet,4718,3628391515,mom
train_landmark_files/4718/3632833228.parquet,4718,3632833228,happy
train_landmark_files/4718/3636147618.parquet,4718,3636147618,mom
train_landmark_files/22343/3640690053.parquet,22343,3640690053,happy
train_landmark_files/49445/3640908537.parquet,49445,3640908537,sad
train_landmark_files/29302/3640939616.parquet,29302,3640939616,sad
train_landmark_files/62590/3641256495.parquet,62590,3641256495,dad
train_landmark_files/55372/3641473465.parquet,55372,3641473465,mom
train_landmark_files/22343/3641914293.parquet,22343,3641914293,sad
train_landmark_files/30680/3642577382.parquet,30680,3642577382,sad
train_landmark_files/25571/3643511060.parquet,25571,3643511060,dad
train_landmark_files/25571/3644736265.parquet,25571,3644736265,sad
train_landmark_files/61333/364509865.parquet,61333,364509865,dad
train_landmark_files/16069/3645947742.parquet,16069,3645947742,please
train_landmark_files/37055/364794764.parquet,37055,364794764,please
train_landmark_files/25571/3651038501.parquet,25571,3651038501,mom
train_landmark_files/32319/3651106422.parquet,32319,3651106422,yes
train_landmark_files/55372/3653976405.parquet,55372,3653976405,thankyou
train_landmark_files/16069/3654076303.parquet,16069,3654076303,no
train_landmark_files/22343/3654635730.parquet,22343,3654635730,no
train_landmark_files/36257/3655499234.parquet,36257,3655499234,dad
train_landmark_files/36257/3657033324.parquet,36257,3657033324,happy
train_landmark_files/28656/3657554109.parquet,28656,3657554109,later
train_landmark_files/49445/3658053530.parquet,49445,3658053530,mom
train_landmark_files/28656/3660190106.parquet,28656,3660190106,mom
train_landmark_files/30680/3660607952.parquet,30680,3660607952,dad
train_landmark_files/61333/3660610339.parquet,61333,3660610339,no
train_landmark_files/61333/3662564115.parquet,61333,3662564115,happy
train_landmark_files/37055/3664216881.parquet,37055,3664216881,thankyou
train_landmark_files/16069/3665069932.parquet,16069,3665069932,later
train_landmark_files/30680/3666375198.parquet,30680,3666375198,later
train_landmark_files/49445/3667591088.parquet,49445,3667591088,hello
train_landmark_files/61333/3669230773.parquet,61333,3669230773,yes
train_landmark_files/49445/3670398385.parquet,49445,3670398385,mom
train_landmark_files/27610/3673033116.parquet,27610,3673033116,yes
train_landmark_files/34503/3673334221.parquet,34503,3673334221,sad
train_landmark_files/27610/3673415905.parquet,27610,3673415905,yes
train_landmark_files/18796/3673448834.parquet,18796,3673448834,no
train_landmark_files/49445/3674566447.parquet,49445,3674566447,sad
train_landmark_files/55372/3674947270.parquet,55372,3674947270,happy
train_landmark_files/61333/3675053773.parquet,61333,3675053773,sad
train_landmark_files/62590/3675252053.parquet,62590,3675252053,no
train_landmark_files/26734/3676925233.parquet,26734,3676925233,mom
train_landmark_files/53618/3677481548.parquet,53618,3677481548,sad
train_landmark_files/32319/3677562164.parquet,32319,3677562164,dad
train_landmark_files/55372/3678589904.parquet,55372,3678589904,dad
train_landmark_files/27610/3678850255.parquet,27610,3678850255,please
train_landmark_files/37779/3679112717.parquet,37779,3679112717,hello
train_landmark_files/29302/3680860497.parquet,29302,3680860497,mom
train_landmark_files/26734/3681099805.parquet,26734,3681099805,later
train_landmark_files/29302/368259378.parquet,29302,368259378,happy
train_landmark_files/37055/3682805791.parquet,37055,3682805791,no
train_landmark_files/27610/3683677278.parquet,27610,3683677278,no
train_landmark_files/25571/3684253332.parquet,25571,3684253332,sad
train_landmark_files/30680/3684356582.parquet,30680,3684356582,later
train_landmark_files/25571/3684931926.parquet,25571,3684931926,no
train_landmark_files/16069/3686157719.parquet,16069,3686157719,hello
train_landmark_files/49445/3689821426.parquet,49445,3689821426,mom
train_landmark_files/28656/3690145319.parquet,28656,3690145319,sad
train_landmark_files/27610/3690245245.parquet,27610,3690245245,sad
train_landmark_files/37055/3691232455.parquet,37055,3691232455,mom
train_landmark_files/27610/3693116971.parquet,27610,3693116971,please
train_landmark_files/55372/3693518330.parquet,55372,3693518330,dad
train_landmark_files/28656/3694079816.parquet,28656,3694079816,later
train_landmark_files/16069/3694454159.parquet,16069,3694454159,yes
train_landmark_files/30680/3694619198.parquet,30680,3694619198,dad
train_landmark_files/37779/3696097.parquet,37779,3696097,dad
train_landmark_files/37055/3696666627.parquet,37055,3696666627,later
train_landmark_files/25571/3697747070.parquet,25571,3697747070,later
train_landmark_files/37779/3700653798.parquet,37779,3700653798,mom
train_landmark_files/28656/3704382903.parquet,28656,3704382903,happy
train_landmark_files/53618/3705418241.parquet,53618,3705418241,hello
train_landmark_files/27610/3708137862.parquet,27610,3708137862,later
train_landmark_files/37055/3708291341.parquet,37055,3708291341,hello
train_landmark_files/36257/3708438187.parquet,36257,3708438187,no
train_landmark_files/30680/3708765387.parquet,30680,3708765387,dad
train_landmark_files/25571/3709365325.parquet,25571,3709365325,hello
train_landmark_files/34503/3709784958.parquet,34503,3709784958,later
train_landmark_files/32319/3712196174.parquet,32319,3712196174,mom
train_landmark_files/27610/3712204048.parquet,27610,3712204048,no
train_landmark_files/16069/3712294814.parquet,16069,3712294814,sad
train_landmark_files/2044/3713955783.parquet,2044,3713955783,dad
train_landmark_files/34503/3714250948.parquet,34503,3714250948,hello
train_landmark_files/49445/37166843.parquet,49445,37166843,thankyou
train_landmark_files/53618/3717992139.parquet,53618,3717992139,sad
train_landmark_files/37055/371851832.parquet,37055,371851832,happy
train_landmark_files/25571/3719503204.parquet,25571,3719503204,later
train_landmark_files/18796/3719711166.parquet,18796,3719711166,hello
train_landmark_files/62590/3720338069.parquet,62590,3720338069,later
train_landmark_files/16069/3721476616.parquet,16069,3721476616,later
train_landmark_files/62590/372203898.parquet,62590,372203898,mom
train_landmark_files/28656/3723234594.parquet,28656,3723234594,hello
train_landmark_files/2044/3724193027.parquet,2044,3724193027,please
train_landmark_files/16069/3724475177.parquet,16069,3724475177,mom
train_landmark_files/36257/3725293093.parquet,36257,3725293093,hello
train_landmark_files/36257/3727049085.parquet,36257,3727049085,yes
train_landmark_files/26734/3727302577.parquet,26734,3727302577,no
train_landmark_files/37779/3727514399.parquet,37779,3727514399,thankyou
train_landmark_files/37055/3727938832.parquet,37055,3727938832,thankyou
train_landmark_files/36257/3729792748.parquet,36257,3729792748,mom
train_landmark_files/28656/373012304.parquet,28656,373012304,please
train_landmark_files/18796/373088007.parquet,18796,373088007,mom
train_landmark_files/53618/3732851959.parquet,53618,3732851959,dad
train_landmark_files/4718/3732957229.parquet,4718,3732957229,hello
train_landmark_files/37779/373319789.parquet,37779,373319789,happy
train_landmark_files/18796/3734310935.parquet,18796,3734310935,no
train_landmark_files/34503/3737081698.parquet,34503,3737081698,yes
train_landmark_files/27610/3737606738.parquet,27610,3737606738,happy
train_landmark_files/27610/3738018763.parquet,27610,3738018763,mom
train_landmark_files/29302/3739253782.parquet,29302,3739253782,yes
train_landmark_files/37055/3740362191.parquet,37055,3740362191,please
train_landmark_files/55372/3741067340.parquet,55372,3741067340,later
train_landmark_files/29302/3741104571.parquet,29302,3741104571,sad
train_landmark_files/2044/3741236321.parquet,2044,3741236321,happy
train_landmark_files/16069/3741806225.parquet,16069,3741806225,happy
train_landmark_files/49445/3743490813.parquet,49445,3743490813,hello
train_landmark_files/25571/3744557273.parquet,25571,3744557273,happy
train_landmark_files/37055/3745052195.parquet,37055,3745052195,no
train_landmark_files/18796/374606910.parquet,18796,374606910,sad
train_landmark_files/62590/3746492307.parquet,62590,3746492307,mom
train_landmark_files/28656/3746641982.parquet,28656,3746641982,thankyou
train_landmark_files/26734/3748609971.parquet,26734,3748609971,later
train_landmark_files/29302/3749269246.parquet,29302,3749269246,please
train_landmark_files/61333/3749727181.parquet,61333,3749727181,dad
train_landmark_files/62590/3751820079.parquet,62590,3751820079,mom
train_landmark_files/37055/3752867654.parquet,37055,3752867654,sad
train_landmark_files/55372/37532249.parquet,55372,37532249,please
train_landmark_files/34503/375378019.parquet,34503,375378019,thankyou
train_landmark_files/36257/375379866.parquet,36257,375379866,happy
train_landmark_files/53618/3755279220.parquet,53618,3755279220,hello
train_landmark_files/2044/3755461726.parquet,2044,3755461726,happy
train_landmark_files/34503/375563909.parquet,34503,375563909,hello
train_landmark_files/37055/3756756432.parquet,37055,3756756432,happy
train_landmark_files/25571/3758148332.parquet,25571,3758148332,yes
train_landmark_files/16069/375943368.parquet,16069,375943368,mom
train_landmark_files/61333/3759603596.parquet,61333,3759603596,sad
train_landmark_files/37779/3759914090.parquet,37779,3759914090,dad
train_landmark_files/30680/3760413613.parquet,30680,3760413613,dad
train_landmark_files/62590/3760501869.parquet,62590,3760501869,sad
train_landmark_files/4718/3760531629.parquet,4718,3760531629,please
train_landmark_files/16069/376119641.parquet,16069,376119641,sad
train_landmark_files/4718/3762533291.parquet,4718,3762533291,no
train_landmark_files/36257/3763506333.parquet,36257,3763506333,please
train_landmark_files/55372/3764185338.parquet,55372,3764185338,sad
train_landmark_files/62590/3765550526.parquet,62590,3765550526,thankyou
train_landmark_files/61333/3767672681.parquet,61333,3767672681,yes
train_landmark_files/34503/3768178573.parquet,34503,3768178573,hello
train_landmark_files/2044/3768829232.parquet,2044,3768829232,yes
train_landmark_files/18796/376946938.parquet,18796,376946938,mom
train_landmark_files/37779/3770497934.parquet,37779,3770497934,please
train_landmark_files/32319/3771496694.parquet,32319,3771496694,happy
train_landmark_files/22343/3773981092.parquet,22343,3773981092,happy
train_landmark_files/29302/3775844646.parquet,29302,3775844646,sad
train_landmark_files/26734/3775973300.parquet,26734,3775973300,hello
train_landmark_files/22343/3778255021.parquet,22343,3778255021,thankyou
train_landmark_files/61333/3779659311.parquet,61333,3779659311,later
train_landmark_files/32319/3779853522.parquet,32319,3779853522,no
train_landmark_files/37779/3780502505.parquet,37779,3780502505,sad
train_landmark_files/29302/3783582041.parquet,29302,3783582041,mom
train_landmark_files/37779/3783816498.parquet,37779,3783816498,no
train_landmark_files/28656/378404670.parquet,28656,378404670,sad
train_landmark_files/26734/3784068444.parquet,26734,3784068444,dad
train_landmark_files/62590/3784483092.parquet,62590,3784483092,happy
train_landmark_files/2044/3784647091.parquet,2044,3784647091,no
train_landmark_files/53618/3785137998.parquet,53618,3785137998,dad
train_landmark_files/2044/3785771120.parquet,2044,3785771120,hello
train_landmark_files/2044/3788309653.parquet,2044,3788309653,please
train_landmark_files/16069/3790194587.parquet,16069,3790194587,dad
train_landmark_files/37779/3792048430.parquet,37779,3792048430,later
train_landmark_files/53618/3792182917.parquet,53618,3792182917,no
train_landmark_files/28656/3792674165.parquet,28656,3792674165,later
train_landmark_files/62590/3795163100.parquet,62590,3795163100,yes
train_landmark_files/55372/3796219182.parquet,55372,3796219182,later
train_landmark_files/2044/3797481188.parquet,2044,3797481188,later
train_landmark_files/22343/3798057280.parquet,22343,3798057280,thankyou
train_landmark_files/53618/3798771255.parquet,53618,3798771255,later
train_landmark_files/49445/3798792113.parquet,49445,3798792113,no
train_landmark_files/18796/3799169070.parquet,18796,3799169070,no
train_landmark_files/37055/3799751555.parquet,37055,3799751555,dad
train_landmark_files/16069/3800634406.parquet,16069,3800634406,happy
train_landmark_files/34503/3803020158.parquet,34503,3803020158,happy
train_landmark_files/16069/3804544806.parquet,16069,3804544806,happy
train_landmark_files/29302/3806223274.parquet,29302,3806223274,mom
train_landmark_files/18796/3806467819.parquet,18796,3806467819,hello
train_landmark_files/49445/3806538448.parquet,49445,3806538448,dad
train_landmark_files/37779/3807518031.parquet,37779,3807518031,mom
train_landmark_files/37055/3808060970.parquet,37055,3808060970,mom
train_landmark_files/37779/3808217386.parquet,37779,3808217386,thankyou
train_landmark_files/2044/3808456426.parquet,2044,3808456426,yes
train_landmark_files/30680/3810453298.parquet,30680,3810453298,mom
train_landmark_files/37779/3810769856.parquet,37779,3810769856,dad
train_landmark_files/25571/3811851557.parquet,25571,3811851557,dad
train_landmark_files/36257/3812121160.parquet,36257,3812121160,please
train_landmark_files/18796/3812517705.parquet,18796,3812517705,please
train_landmark_files/22343/3812760360.parquet,22343,3812760360,please
train_landmark_files/49445/3813015073.parquet,49445,3813015073,please
train_landmark_files/53618/3813551468.parquet,53618,3813551468,hello
train_landmark_files/27610/3814236396.parquet,27610,3814236396,dad
train_landmark_files/2044/3814441491.parquet,2044,3814441491,happy
train_landmark_files/28656/3814837001.parquet,28656,3814837001,happy
train_landmark_files/34503/3815886956.parquet,34503,3815886956,please
train_landmark_files/4718/3818683132.parquet,4718,3818683132,thankyou
train_landmark_files/32319/3819666538.parquet,32319,3819666538,later
train_landmark_files/53618/3821640848.parquet,53618,3821640848,no
train_landmark_files/27610/3822675409.parquet,27610,3822675409,later
train_landmark_files/55372/3823352218.parquet,55372,3823352218,mom
train_landmark_files/2044/382822441.parquet,2044,382822441,later
train_landmark_files/36257/383342162.parquet,36257,383342162,mom
train_landmark_files/30680/3834147238.parquet,30680,3834147238,yes
train_landmark_files/28656/3835954248.parquet,28656,3835954248,no
train_landmark_files/49445/3836943946.parquet,49445,3836943946,thankyou
train_landmark_files/37055/3836953151.parquet,37055,3836953151,hello
train_landmark_files/55372/3837465507.parquet,55372,3837465507,dad
train_landmark_files/22343/3837899863.parquet,22343,3837899863,thankyou
train_landmark_files/36257/3838009825.parquet,36257,3838009825,dad
train_landmark_files/62590/3840599554.parquet,62590,3840599554,hello
train_landmark_files/26734/384080169.parquet,26734,384080169,mom
train_landmark_files/29302/384083896.parquet,29302,384083896,please
train_landmark_files/62590/3842140532.parquet,62590,3842140532,sad
train_landmark_files/61333/3843860908.parquet,61333,3843860908,mom
train_landmark_files/37055/3844167317.parquet,37055,3844167317,happy
train_landmark_files/2044/384658741.parquet,2044,384658741,dad
train_landmark_files/32319/384690604.parquet,32319,384690604,hello
train_landmark_files/49445/384798315.parquet,49445,384798315,please
train_landmark_files/18796/3848659070.parquet,18796,3848659070,no
train_landmark_files/53618/3850108686.parquet,53618,3850108686,dad
train_landmark_files/28656/3852667083.parquet,28656,3852667083,hello
train_landmark_files/25571/3853499757.parquet,25571,3853499757,sad
train_landmark_files/37779/3853765283.parquet,37779,3853765283,sad
train_landmark_files/62590/3854216300.parquet,62590,3854216300,dad
train_landmark_files/62590/3856765445.parquet,62590,3856765445,please
train_landmark_files/55372/3858161861.parquet,55372,3858161861,hello
train_landmark_files/30680/3858838094.parquet,30680,3858838094,sad
train_landmark_files/4718/3859369497.parquet,4718,3859369497,later
train_landmark_files/55372/3859723220.parquet,55372,3859723220,mom
train_landmark_files/29302/3860698293.parquet,29302,3860698293,later
train_landmark_files/27610/3863826620.parquet,27610,3863826620,please
train_landmark_files/2044/386428972.parquet,2044,386428972,mom
train_landmark_files/37779/3865206491.parquet,37779,3865206491,no
train_landmark_files/49445/3867164590.parquet,49445,3867164590,happy
train_landmark_files/16069/3867276489.parquet,16069,3867276489,sad
train_landmark_files/37779/3869280575.parquet,37779,3869280575,thankyou
train_landmark_files/30680/3870229436.parquet,30680,3870229436,thankyou
train_landmark_files/32319/3871766020.parquet,32319,3871766020,yes
train_landmark_files/29302/387431761.parquet,29302,387431761,thankyou
train_landmark_files/4718/3877372655.parquet,4718,3877372655,yes
train_landmark_files/29302/3877528290.parquet,29302,3877528290,thankyou
train_landmark_files/28656/38778303.parquet,28656,38778303,sad
train_landmark_files/53618/3879089758.parquet,53618,3879089758,thankyou
train_landmark_files/2044/3880406989.parquet,2044,3880406989,dad
train_landmark_files/37055/3881624725.parquet,37055,3881624725,hello
train_landmark_files/34503/3881850144.parquet,34503,3881850144,hello
train_landmark_files/28656/3883135525.parquet,28656,3883135525,yes
train_landmark_files/18796/3883300227.parquet,18796,3883300227,please
train_landmark_files/34503/3884396765.parquet,34503,3884396765,thankyou
train_landmark_files/25571/3884432103.parquet,25571,3884432103,sad
train_landmark_files/25571/3886408338.parquet,25571,3886408338,later
train_landmark_files/16069/38900657.parquet,16069,38900657,no
train_landmark_files/2044/3890189685.parquet,2044,3890189685,sad
train_landmark_files/25571/3890380959.parquet,25571,3890380959,hello
train_landmark_files/27610/3890990913.parquet,27610,3890990913,dad
train_landmark_files/37055/3892394765.parquet,37055,3892394765,please
train_landmark_files/28656/3893195249.parquet,28656,3893195249,please
train_landmark_files/32319/3893645313.parquet,32319,3893645313,dad
train_landmark_files/28656/3893879520.parquet,28656,3893879520,thankyou
train_landmark_files/29302/3893981315.parquet,29302,3893981315,no
train_landmark_files/2044/3894328076.parquet,2044,3894328076,no
train_landmark_files/27610/3895854302.parquet,27610,3895854302,no
train_landmark_files/29302/3896706627.parquet,29302,3896706627,happy
train_landmark_files/28656/3897227004.parquet,28656,3897227004,yes
train_landmark_files/30680/3898409086.parquet,30680,3898409086,happy
train_landmark_files/37779/3899810840.parquet,37779,3899810840,no
train_landmark_files/29302/3900455993.parquet,29302,3900455993,yes
train_landmark_files/62590/39016431.parquet,62590,39016431,hello
train_landmark_files/37055/3902019076.parquet,37055,3902019076,sad
train_landmark_files/30680/3902022812.parquet,30680,3902022812,later
train_landmark_files/2044/3902070209.parquet,2044,3902070209,hello
train_landmark_files/18796/3902103219.parquet,18796,3902103219,please
train_landmark_files/53618/3902937490.parquet,53618,3902937490,no
train_landmark_files/61333/3906680818.parquet,61333,3906680818,please
train_landmark_files/29302/3906700535.parquet,29302,3906700535,mom
train_landmark_files/16069/390759074.parquet,16069,390759074,hello
train_landmark_files/29302/39084719.parquet,29302,39084719,please
train_landmark_files/34503/3908686577.parquet,34503,3908686577,yes
train_landmark_files/61333/3908940042.parquet,61333,3908940042,dad
train_landmark_files/61333/3909228351.parquet,61333,3909228351,hello
train_landmark_files/53618/3912050225.parquet,53618,3912050225,thankyou
train_landmark_files/22343/3913217898.parquet,22343,3913217898,thankyou
train_landmark_files/28656/3916734942.parquet,28656,3916734942,yes
train_landmark_files/27610/392002883.parquet,27610,392002883,later
train_landmark_files/27610/3920597258.parquet,27610,3920597258,hello
train_landmark_files/2044/392412819.parquet,2044,392412819,no
train_landmark_files/27610/3926247966.parquet,27610,3926247966,sad
train_landmark_files/29302/3926803792.parquet,29302,3926803792,mom
train_landmark_files/37779/3926941314.parquet,37779,3926941314,mom
train_landmark_files/61333/3927992040.parquet,61333,3927992040,happy
train_landmark_files/22343/3928295643.parquet,22343,3928295643,no
train_landmark_files/37779/3928865236.parquet,37779,3928865236,happy
train_landmark_files/62590/3929803764.parquet,62590,3929803764,thankyou
train_landmark_files/16069/39303019.parquet,16069,39303019,happy
train_landmark_files/36257/3930474362.parquet,36257,3930474362,please
train_landmark_files/25571/3932463127.parquet,25571,3932463127,dad
train_landmark_files/29302/3932974203.parquet,29302,3932974203,yes
train_landmark_files/28656/3934058028.parquet,28656,3934058028,hello
train_landmark_files/29302/3934979796.parquet,29302,3934979796,yes
train_landmark_files/32319/3936279631.parquet,32319,3936279631,thankyou
train_landmark_files/16069/3936563076.parquet,16069,3936563076,hello
train_landmark_files/34503/3937449851.parquet,34503,3937449851,no
train_landmark_files/26734/3938010614.parquet,26734,3938010614,please
train_landmark_files/61333/3938364353.parquet,61333,3938364353,mom
train_landmark_files/2044/3939454743.parquet,2044,3939454743,hello
train_landmark_files/30680/3939837274.parquet,30680,3939837274,no
train_landmark_files/55372/3941029001.parquet,55372,3941029001,happy
train_landmark_files/53618/3941403106.parquet,53618,3941403106,mom
train_landmark_files/22343/394142057.parquet,22343,394142057,no
train_landmark_files/22343/3941802469.parquet,22343,3941802469,later
train_landmark_files/2044/3941885885.parquet,2044,3941885885,happy
train_landmark_files/32319/3942999329.parquet,32319,3942999329,dad
train_landmark_files/16069/3944095945.parquet,16069,3944095945,sad
train_landmark_files/37055/3944637808.parquet,37055,3944637808,thankyou
train_landmark_files/62590/3946643591.parquet,62590,3946643591,happy
train_landmark_files/16069/3947776371.parquet,16069,3947776371,mom
train_landmark_files/28656/3947981224.parquet,28656,3947981224,hello
train_landmark_files/18796/3948461005.parquet,18796,3948461005,thankyou
train_landmark_files/36257/3949840763.parquet,36257,3949840763,later
train_landmark_files/37779/3949854888.parquet,37779,3949854888,hello
train_landmark_files/36257/3953452878.parquet,36257,3953452878,no
train_landmark_files/61333/3953917131.parquet,61333,3953917131,hello
train_landmark_files/32319/395613355.parquet,32319,395613355,please
train_landmark_files/4718/3957916348.parquet,4718,3957916348,please
train_landmark_files/30680/3960329206.parquet,30680,3960329206,thankyou
train_landmark_files/37055/3960837507.parquet,37055,3960837507,please
train_landmark_files/26734/3961925639.parquet,26734,3961925639,thankyou
train_landmark_files/2044/3963011589.parquet,2044,3963011589,later
train_landmark_files/16069/396301744.parquet,16069,396301744,no
train_landmark_files/30680/3963529749.parquet,30680,3963529749,happy
train_landmark_files/62590/396563458.parquet,62590,396563458,hello
train_landmark_files/18796/3967371588.parquet,18796,3967371588,thankyou
train_landmark_files/37779/3969974071.parquet,37779,3969974071,no
train_landmark_files/55372/3971986023.parquet,55372,3971986023,dad
train_landmark_files/30680/3972952811.parquet,30680,3972952811,sad
train_landmark_files/26734/397470662.parquet,26734,397470662,mom
train_landmark_files/32319/3974814678.parquet,32319,3974814678,thankyou
train_landmark_files/16069/3974832504.parquet,16069,3974832504,yes
train_landmark_files/37779/3974844300.parquet,37779,3974844300,mom
train_landmark_files/25571/3976213157.parquet,25571,3976213157,hello
train_landmark_files/36257/3976667910.parquet,36257,3976667910,please
train_landmark_files/4718/3976757873.parquet,4718,3976757873,mom
train_landmark_files/2044/3977746438.parquet,2044,3977746438,later
train_landmark_files/22343/3978198144.parquet,22343,3978198144,dad
train_landmark_files/37055/398036183.parquet,37055,398036183,happy
train_landmark_files/16069/3980764452.parquet,16069,3980764452,sad
train_landmark_files/2044/3982913890.parquet,2044,3982913890,dad
train_landmark_files/29302/3983000600.parquet,29302,3983000600,hello
train_landmark_files/36257/3983003853.parquet,36257,3983003853,later
train_landmark_files/2044/3983942983.parquet,2044,3983942983,sad
train_landmark_files/18796/3984153500.parquet,18796,3984153500,please
train_landmark_files/4718/3985623856.parquet,4718,3985623856,happy
train_landmark_files/28656/3987937091.parquet,28656,3987937091,hello
train_landmark_files/18796/3988385106.parquet,18796,3988385106,thankyou
train_landmark_files/4718/3988402616.parquet,4718,3988402616,yes
train_landmark_files/53618/3988946076.parquet,53618,3988946076,later
train_landmark_files/37779/3990030313.parquet,37779,3990030313,yes
train_landmark_files/2044/3992613857.parquet,2044,3992613857,sad
train_landmark_files/26734/3994515060.parquet,26734,3994515060,happy
train_landmark_files/28656/399646872.parquet,28656,399646872,happy
train_landmark_files/53618/3996531642.parquet,53618,3996531642,happy
train_landmark_files/53618/3996573944.parquet,53618,3996573944,later
train_landmark_files/32319/3996908877.parquet,32319,3996908877,sad
train_landmark_files/37055/3997239418.parquet,37055,3997239418,hello
train_landmark_files/37055/3997333160.parquet,37055,3997333160,mom
train_landmark_files/37779/3998524030.parquet,37779,3998524030,yes
train_landmark_files/37055/3999651317.parquet,37055,3999651317,mom
train_landmark_files/55372/4001790591.parquet,55372,4001790591,later
train_landmark_files/29302/4001970631.parquet,29302,4001970631,yes
train_landmark_files/30680/4003545096.parquet,30680,4003545096,later
train_landmark_files/37055/4006005093.parquet,37055,4006005093,hello
train_landmark_files/62590/4006277073.parquet,62590,4006277073,please
train_landmark_files/16069/4008025445.parquet,16069,4008025445,please
train_landmark_files/25571/4008816009.parquet,25571,4008816009,mom
train_landmark_files/37779/4009081157.parquet,37779,4009081157,mom
train_landmark_files/62590/4009333844.parquet,62590,4009333844,no
train_landmark_files/4718/4010098895.parquet,4718,4010098895,sad
train_landmark_files/16069/4010140959.parquet,16069,4010140959,no
train_landmark_files/34503/4010142473.parquet,34503,4010142473,yes
train_landmark_files/4718/401014299.parquet,4718,401014299,dad
train_landmark_files/30680/4014163779.parquet,30680,4014163779,later
train_landmark_files/29302/4014402286.parquet,29302,4014402286,later
train_landmark_files/32319/401444318.parquet,32319,401444318,thankyou
train_landmark_files/62590/4015909191.parquet,62590,4015909191,later
train_landmark_files/16069/4016290846.parquet,16069,4016290846,happy
train_landmark_files/4718/4016414309.parquet,4718,4016414309,dad
train_landmark_files/28656/4018563349.parquet,28656,4018563349,happy
train_landmark_files/37055/4020253653.parquet,37055,4020253653,mom
train_landmark_files/34503/4021211873.parquet,34503,4021211873,sad
train_landmark_files/4718/4023564833.parquet,4718,4023564833,no
train_landmark_files/27610/4023682555.parquet,27610,4023682555,thankyou
train_landmark_files/34503/4024069218.parquet,34503,4024069218,sad
train_landmark_files/27610/4024270720.parquet,27610,4024270720,mom
train_landmark_files/26734/4024324580.parquet,26734,4024324580,yes
train_landmark_files/55372/402476967.parquet,55372,402476967,later
train_landmark_files/28656/4026881812.parquet,28656,4026881812,dad
train_landmark_files/30680/4027420612.parquet,30680,4027420612,sad
train_landmark_files/26734/4027632833.parquet,26734,4027632833,hello
train_landmark_files/49445/4028126278.parquet,49445,4028126278,hello
train_landmark_files/16069/4029968133.parquet,16069,4029968133,yes
train_landmark_files/32319/4031024558.parquet,32319,4031024558,please
train_landmark_files/16069/4032104065.parquet,16069,4032104065,no
train_landmark_files/30680/4032543403.parquet,30680,4032543403,dad
train_landmark_files/4718/4033902846.parquet,4718,4033902846,dad
train_landmark_files/49445/4034823194.parquet,49445,4034823194,please
train_landmark_files/26734/403485504.parquet,26734,403485504,thankyou
train_landmark_files/62590/4038727207.parquet,62590,4038727207,sad
train_landmark_files/61333/4039290004.parquet,61333,4039290004,mom
train_landmark_files/49445/4039535361.parquet,49445,4039535361,please
train_landmark_files/55372/4039625618.parquet,55372,4039625618,hello
train_landmark_files/22343/4039660241.parquet,22343,4039660241,sad
train_landmark_files/55372/4040124112.parquet,55372,4040124112,later
train_landmark_files/34503/4040156689.parquet,34503,4040156689,no
train_landmark_files/32319/4041386987.parquet,32319,4041386987,dad
train_landmark_files/55372/4041937502.parquet,55372,4041937502,no
train_landmark_files/27610/4044570621.parquet,27610,4044570621,sad
train_landmark_files/18796/4047021185.parquet,18796,4047021185,thankyou
train_landmark_files/61333/404714256.parquet,61333,404714256,later
train_landmark_files/37055/4048814173.parquet,37055,4048814173,no
train_landmark_files/37055/4050642687.parquet,37055,4050642687,mom
train_landmark_files/36257/4054731684.parquet,36257,4054731684,no
train_landmark_files/34503/4058525546.parquet,34503,4058525546,no
train_landmark_files/49445/4064008274.parquet,49445,4064008274,yes
train_landmark_files/4718/4065964754.parquet,4718,4065964754,dad
train_landmark_files/37055/4067065873.parquet,37055,4067065873,mom
train_landmark_files/22343/4067669977.parquet,22343,4067669977,mom
train_landmark_files/28656/4067869125.parquet,28656,4067869125,dad
train_landmark_files/30680/4068038035.parquet,30680,4068038035,sad
train_landmark_files/49445/4072200108.parquet,49445,4072200108,no
train_landmark_files/26734/4072961841.parquet,26734,4072961841,later
train_landmark_files/55372/4073336193.parquet,55372,4073336193,no
train_landmark_files/61333/4075426044.parquet,61333,4075426044,mom
train_landmark_files/53618/4076224829.parquet,53618,4076224829,thankyou
train_landmark_files/27610/407629598.parquet,27610,407629598,thankyou
train_landmark_files/18796/4076635006.parquet,18796,4076635006,hello
train_landmark_files/26734/4076836754.parquet,26734,4076836754,happy
train_landmark_files/30680/4077001918.parquet,30680,4077001918,mom
train_landmark_files/16069/4077862514.parquet,16069,4077862514,sad
train_landmark_files/18796/4078728227.parquet,18796,4078728227,thankyou
train_landmark_files/37055/4078933796.parquet,37055,4078933796,hello
train_landmark_files/4718/4080579392.parquet,4718,4080579392,dad
train_landmark_files/37779/4080639448.parquet,37779,4080639448,sad
train_landmark_files/62590/4081874230.parquet,62590,4081874230,dad
train_landmark_files/28656/4083382057.parquet,28656,4083382057,sad
train_landmark_files/26734/4084393758.parquet,26734,4084393758,mom
train_landmark_files/25571/4085665106.parquet,25571,4085665106,later
train_landmark_files/2044/4086881911.parquet,2044,4086881911,no
train_landmark_files/53618/4086960193.parquet,53618,4086960193,sad
train_landmark_files/26734/4088468602.parquet,26734,4088468602,sad
train_landmark_files/2044/4092038786.parquet,2044,4092038786,hello
train_landmark_files/26734/4094919133.parquet,26734,4094919133,dad
train_landmark_files/25571/4095561121.parquet,25571,4095561121,dad
train_landmark_files/49445/4096305686.parquet,49445,4096305686,hello
train_landmark_files/29302/4096394019.parquet,29302,4096394019,mom
train_landmark_files/36257/4097002209.parquet,36257,4097002209,dad
train_landmark_files/28656/4097644731.parquet,28656,4097644731,hello
train_landmark_files/22343/4097664385.parquet,22343,4097664385,sad
train_landmark_files/34503/4100390540.parquet,34503,4100390540,hello
train_landmark_files/49445/4100965328.parquet,49445,4100965328,please
train_landmark_files/61333/4101178677.parquet,61333,4101178677,no
train_landmark_files/29302/4103538300.parquet,29302,4103538300,sad
train_landmark_files/4718/4103660593.parquet,4718,4103660593,later
train_landmark_files/30680/4104141044.parquet,30680,4104141044,sad
train_landmark_files/62590/4104845405.parquet,62590,4104845405,happy
train_landmark_files/37779/4104886586.parquet,37779,4104886586,yes
train_landmark_files/36257/4106429447.parquet,36257,4106429447,please
train_landmark_files/30680/4107267244.parquet,30680,4107267244,yes
train_landmark_files/27610/4107910174.parquet,27610,4107910174,happy
train_landmark_files/55372/410819327.parquet,55372,410819327,please
train_landmark_files/49445/4109042052.parquet,49445,4109042052,happy
train_landmark_files/61333/4109598781.parquet,61333,4109598781,hello
train_landmark_files/2044/4109619671.parquet,2044,4109619671,please
train_landmark_files/49445/4110879456.parquet,49445,4110879456,dad
train_landmark_files/53618/4113017518.parquet,53618,4113017518,sad
train_landmark_files/53618/4113144211.parquet,53618,4113144211,thankyou
train_landmark_files/27610/4113732208.parquet,27610,4113732208,sad
train_landmark_files/28656/4114902237.parquet,28656,4114902237,mom
train_landmark_files/26734/411519988.parquet,26734,411519988,thankyou
train_landmark_files/34503/4115502151.parquet,34503,4115502151,mom
train_landmark_files/37055/4115609835.parquet,37055,4115609835,yes
train_landmark_files/55372/4116978707.parquet,55372,4116978707,thankyou
train_landmark_files/62590/4118835013.parquet,62590,4118835013,thankyou
train_landmark_files/25571/4119185894.parquet,25571,4119185894,dad
train_landmark_files/29302/4119276445.parquet,29302,4119276445,yes
train_landmark_files/18796/4122736281.parquet,18796,4122736281,yes
train_landmark_files/49445/4124124428.parquet,49445,4124124428,hello
train_landmark_files/16069/4124383186.parquet,16069,4124383186,thankyou
train_landmark_files/27610/4125360091.parquet,27610,4125360091,thankyou
train_landmark_files/36257/4125999850.parquet,36257,4125999850,no
train_landmark_files/27610/4127668063.parquet,27610,4127668063,please
train_landmark_files/18796/4128407573.parquet,18796,4128407573,later
train_landmark_files/2044/4132606659.parquet,2044,4132606659,sad
train_landmark_files/34503/4133426875.parquet,34503,4133426875,no
train_landmark_files/26734/4133768052.parquet,26734,4133768052,thankyou
train_landmark_files/53618/413453835.parquet,53618,413453835,no
train_landmark_files/22343/4134936492.parquet,22343,4134936492,yes
train_landmark_files/29302/4137101582.parquet,29302,4137101582,please
train_landmark_files/25571/4140201726.parquet,25571,4140201726,dad
train_landmark_files/16069/4141093309.parquet,16069,4141093309,later
train_landmark_files/30680/4141946728.parquet,30680,4141946728,please
train_landmark_files/61333/4142064783.parquet,61333,4142064783,hello
train_landmark_files/36257/4142948898.parquet,36257,4142948898,later
train_landmark_files/37055/4144050060.parquet,37055,4144050060,yes
train_landmark_files/53618/4144104344.parquet,53618,4144104344,please
train_landmark_files/37779/4144300233.parquet,37779,4144300233,please
train_landmark_files/62590/4144451707.parquet,62590,4144451707,happy
train_landmark_files/2044/4146744742.parquet,2044,4146744742,hello
train_landmark_files/49445/4147687429.parquet,49445,4147687429,yes
train_landmark_files/61333/4148723529.parquet,61333,4148723529,hello
train_landmark_files/22343/4148933531.parquet,22343,4148933531,no
train_landmark_files/55372/4149564642.parquet,55372,4149564642,hello
train_landmark_files/36257/4149629960.parquet,36257,4149629960,thankyou
train_landmark_files/4718/4150606289.parquet,4718,4150606289,hello
train_landmark_files/22343/415087971.parquet,22343,415087971,later
train_landmark_files/53618/4151143995.parquet,53618,4151143995,please
train_landmark_files/62590/4151698534.parquet,62590,4151698534,mom
train_landmark_files/27610/4152662656.parquet,27610,4152662656,no
train_landmark_files/30680/4152880825.parquet,30680,4152880825,happy
train_landmark_files/26734/4153938750.parquet,26734,4153938750,sad
train_landmark_files/53618/4154717427.parquet,53618,4154717427,sad
train_landmark_files/26734/415472533.parquet,26734,415472533,dad
train_landmark_files/36257/4155198576.parquet,36257,4155198576,happy
train_landmark_files/30680/415604814.parquet,30680,415604814,yes
train_landmark_files/34503/4156281454.parquet,34503,4156281454,sad
train_landmark_files/18796/4157520449.parquet,18796,4157520449,later
train_landmark_files/25571/4157538899.parquet,25571,4157538899,dad
train_landmark_files/53618/4159611916.parquet,53618,4159611916,please
train_landmark_files/25571/4161036626.parquet,25571,4161036626,happy
train_landmark_files/37055/416120195.parquet,37055,416120195,dad
train_landmark_files/27610/4161575447.parquet,27610,4161575447,happy
train_landmark_files/26734/4161971981.parquet,26734,4161971981,later
train_landmark_files/18796/4162333582.parquet,18796,4162333582,please
train_landmark_files/29302/4163661799.parquet,29302,4163661799,sad
train_landmark_files/61333/4164579587.parquet,61333,4164579587,hello
train_landmark_files/37055/4165225093.parquet,37055,4165225093,no
train_landmark_files/61333/4168502170.parquet,61333,4168502170,yes
train_landmark_files/62590/4168947663.parquet,62590,4168947663,happy
train_landmark_files/53618/4169970113.parquet,53618,4169970113,thankyou
train_landmark_files/2044/4170501545.parquet,2044,4170501545,thankyou
train_landmark_files/62590/4172267114.parquet,62590,4172267114,later
train_landmark_files/27610/4172373342.parquet,27610,4172373342,dad
train_landmark_files/25571/4173419593.parquet,25571,4173419593,sad
train_landmark_files/37055/4174189999.parquet,37055,4174189999,hello
train_landmark_files/37779/4176055512.parquet,37779,4176055512,hello
train_landmark_files/26734/4176060450.parquet,26734,4176060450,happy
train_landmark_files/49445/4176108588.parquet,49445,4176108588,please
train_landmark_files/4718/4176888594.parquet,4718,4176888594,no
train_landmark_files/22343/4176961540.parquet,22343,4176961540,mom
train_landmark_files/18796/4178059640.parquet,18796,4178059640,hello
train_landmark_files/55372/4180347230.parquet,55372,4180347230,sad
train_landmark_files/22343/4181148260.parquet,22343,4181148260,sad
train_landmark_files/16069/4181970476.parquet,16069,4181970476,later
train_landmark_files/61333/4182565708.parquet,61333,4182565708,mom
train_landmark_files/36257/4183383674.parquet,36257,4183383674,hello
train_landmark_files/61333/4185346983.parquet,61333,4185346983,no
train_landmark_files/36257/4188551582.parquet,36257,4188551582,please
train_landmark_files/30680/4190630473.parquet,30680,4190630473,hello
train_landmark_files/34503/4191310166.parquet,34503,4191310166,hello
train_landmark_files/16069/419181320.parquet,16069,419181320,please
train_landmark_files/2044/419277239.parquet,2044,419277239,hello
train_landmark_files/28656/4193260846.parquet,28656,4193260846,hello
train_landmark_files/16069/4194022618.parquet,16069,4194022618,yes
train_landmark_files/34503/4195909176.parquet,34503,4195909176,no
train_landmark_files/30680/4196712946.parquet,30680,4196712946,yes
train_landmark_files/30680/4197122884.parquet,30680,4197122884,mom
train_landmark_files/53618/4197380081.parquet,53618,4197380081,yes
train_landmark_files/30680/4197620653.parquet,30680,4197620653,hello
train_landmark_files/36257/4198480288.parquet,36257,4198480288,no
train_landmark_files/53618/4200862050.parquet,53618,4200862050,please
train_landmark_files/32319/4202914201.parquet,32319,4202914201,yes
train_landmark_files/28656/4203289775.parquet,28656,4203289775,thankyou
train_landmark_files/16069/4203690075.parquet,16069,4203690075,happy
train_landmark_files/34503/4203845117.parquet,34503,4203845117,please
train_landmark_files/37779/4204621027.parquet,37779,4204621027,mom
train_landmark_files/37779/4205191023.parquet,37779,4205191023,no
train_landmark_files/37779/420613892.parquet,37779,420613892,yes
train_landmark_files/53618/4208559726.parquet,53618,4208559726,later
train_landmark_files/32319/4210285106.parquet,32319,4210285106,yes
train_landmark_files/49445/4210454058.parquet,49445,4210454058,mom
train_landmark_files/37055/42110712.parquet,37055,42110712,yes
train_landmark_files/55372/4212350669.parquet,55372,4212350669,yes
train_landmark_files/61333/4216217314.parquet,61333,4216217314,happy
train_landmark_files/37779/4216383559.parquet,37779,4216383559,later
train_landmark_files/18796/4216395097.parquet,18796,4216395097,thankyou
train_landmark_files/34503/4216754011.parquet,34503,4216754011,sad
train_landmark_files/55372/4216776939.parquet,55372,4216776939,dad
train_landmark_files/49445/4220542193.parquet,49445,4220542193,sad
train_landmark_files/55372/4220601182.parquet,55372,4220601182,please
train_landmark_files/22343/4220949488.parquet,22343,4220949488,happy
train_landmark_files/28656/4221476984.parquet,28656,4221476984,sad
train_landmark_files/27610/4222355729.parquet,27610,4222355729,happy
train_landmark_files/34503/4222462939.parquet,34503,4222462939,mom
train_landmark_files/49445/4222591389.parquet,49445,4222591389,happy
train_landmark_files/36257/4222949878.parquet,36257,4222949878,hello
train_landmark_files/2044/42232713.parquet,2044,42232713,happy
train_landmark_files/34503/4223537013.parquet,34503,4223537013,no
train_landmark_files/49445/4225416097.parquet,49445,4225416097,hello
train_landmark_files/4718/4227342754.parquet,4718,4227342754,happy
train_landmark_files/30680/4228061833.parquet,30680,4228061833,no
train_landmark_files/37779/422979674.parquet,37779,422979674,please
train_landmark_files/49445/4231439046.parquet,49445,4231439046,dad
train_landmark_files/18796/4232797814.parquet,18796,4232797814,yes
train_landmark_files/16069/4233710692.parquet,16069,4233710692,mom
train_landmark_files/36257/4234845313.parquet,36257,4234845313,yes
train_landmark_files/49445/4237812831.parquet,49445,4237812831,dad
train_landmark_files/4718/423896695.parquet,4718,423896695,dad
train_landmark_files/34503/4239851730.parquet,34503,4239851730,mom
train_landmark_files/22343/4241741842.parquet,22343,4241741842,dad
train_landmark_files/62590/4242628412.parquet,62590,4242628412,mom
train_landmark_files/26734/4243674319.parquet,26734,4243674319,sad
train_landmark_files/25571/4244462735.parquet,25571,4244462735,mom
train_landmark_files/61333/424483253.parquet,61333,424483253,yes
train_landmark_files/22343/4244881780.parquet,22343,4244881780,dad
train_landmark_files/32319/4247076542.parquet,32319,4247076542,later
train_landmark_files/27610/4247412189.parquet,27610,4247412189,mom
train_landmark_files/49445/4248077898.parquet,49445,4248077898,please
train_landmark_files/18796/4248707213.parquet,18796,4248707213,sad
train_landmark_files/22343/4249096913.parquet,22343,4249096913,please
train_landmark_files/28656/4249804146.parquet,28656,4249804146,thankyou
train_landmark_files/25571/4250808367.parquet,25571,4250808367,happy
train_landmark_files/26734/4252185060.parquet,26734,4252185060,sad
train_landmark_files/55372/4252298765.parquet,55372,4252298765,hello
train_landmark_files/22343/4252318676.parquet,22343,4252318676,mom
train_landmark_files/53618/4253613547.parquet,53618,4253613547,no
train_landmark_files/26734/4254900090.parquet,26734,4254900090,hello
train_landmark_files/36257/4255047557.parquet,36257,4255047557,later
train_landmark_files/53618/4255145038.parquet,53618,4255145038,no
train_landmark_files/34503/4255399851.parquet,34503,4255399851,please
train_landmark_files/37779/4255677452.parquet,37779,4255677452,hello
train_landmark_files/55372/425597571.parquet,55372,425597571,dad
train_landmark_files/53618/4256297836.parquet,53618,4256297836,yes
train_landmark_files/2044/4256546448.parquet,2044,4256546448,sad
train_landmark_files/22343/4258061030.parquet,22343,4258061030,happy
train_landmark_files/34503/4258384851.parquet,34503,4258384851,thankyou
train_landmark_files/30680/425936472.parquet,30680,425936472,dad
train_landmark_files/34503/4259468828.parquet,34503,4259468828,mom
train_landmark_files/53618/4259648305.parquet,53618,4259648305,thankyou
train_landmark_files/61333/426015531.parquet,61333,426015531,hello
train_landmark_files/53618/4260304694.parquet,53618,4260304694,mom
train_landmark_files/27610/4260348981.parquet,27610,4260348981,hello
train_landmark_files/37055/4260651177.parquet,37055,4260651177,sad
train_landmark_files/29302/4263137304.parquet,29302,4263137304,please
train_landmark_files/26734/4263172124.parquet,26734,4263172124,please
train_landmark_files/4718/4263285674.parquet,4718,4263285674,later
train_landmark_files/4718/4263861753.parquet,4718,4263861753,thankyou
train_landmark_files/37779/4264620930.parquet,37779,4264620930,later
train_landmark_files/27610/4265101773.parquet,27610,4265101773,mom
train_landmark_files/53618/4266042304.parquet,53618,4266042304,hello
train_landmark_files/4718/4266261765.parquet,4718,4266261765,sad
train_landmark_files/37055/4266993362.parquet,37055,4266993362,thankyou
train_landmark_files/16069/4267245653.parquet,16069,4267245653,later
train_landmark_files/25571/4270918998.parquet,25571,4270918998,dad
train_landmark_files/28656/4272510797.parquet,28656,4272510797,mom
train_landmark_files/36257/4273656053.parquet,36257,4273656053,yes
train_landmark_files/16069/4273810503.parquet,16069,4273810503,yes
train_landmark_files/53618/4275597463.parquet,53618,4275597463,mom
train_landmark_files/25571/4277656078.parquet,25571,4277656078,later
train_landmark_files/27610/4277857530.parquet,27610,4277857530,yes
train_landmark_files/55372/4278250638.parquet,55372,4278250638,later
train_landmark_files/26734/4279154700.parquet,26734,4279154700,hello
train_landmark_files/26734/4280075606.parquet,26734,4280075606,sad
train_landmark_files/16069/4280078256.parquet,16069,4280078256,later
train_landmark_files/4718/4282071514.parquet,4718,4282071514,happy
train_landmark_files/36257/4283307014.parquet,36257,4283307014,sad
train_landmark_files/26734/4285062386.parquet,26734,4285062386,mom
train_landmark_files/25571/42875216.parquet,25571,42875216,thankyou
train_landmark_files/61333/4287669808.parquet,61333,4287669808,later
train_landmark_files/61333/4287934637.parquet,61333,4287934637,dad
train_landmark_files/22343/4289715705.parquet,22343,4289715705,hello
train_landmark_files/2044/4290232252.parquet,2044,4290232252,hello
train_landmark_files/4718/429304417.parquet,4718,429304417,sad
train_landmark_files/37779/4293426127.parquet,37779,4293426127,hello
train_landmark_files/27610/432575227.parquet,27610,432575227,please
train_landmark_files/30680/432814746.parquet,30680,432814746,thankyou
train_landmark_files/18796/433694077.parquet,18796,433694077,yes
train_landmark_files/22343/434024714.parquet,22343,434024714,hello
train_landmark_files/2044/434424466.parquet,2044,434424466,no
train_landmark_files/36257/435096230.parquet,36257,435096230,yes
train_landmark_files/53618/435203759.parquet,53618,435203759,later
train_landmark_files/37779/435416145.parquet,37779,435416145,mom
train_landmark_files/49445/435978481.parquet,49445,435978481,hello
train_landmark_files/2044/436427070.parquet,2044,436427070,mom
train_landmark_files/27610/437122408.parquet,27610,437122408,yes
train_landmark_files/2044/43733510.parquet,2044,43733510,happy
train_landmark_files/25571/438154661.parquet,25571,438154661,no
train_landmark_files/29302/44071028.parquet,29302,44071028,hello
train_landmark_files/49445/441482598.parquet,49445,441482598,happy
train_landmark_files/22343/444396496.parquet,22343,444396496,mom
train_landmark_files/49445/444677626.parquet,49445,444677626,hello
train_landmark_files/28656/448539936.parquet,28656,448539936,yes
train_landmark_files/32319/44909074.parquet,32319,44909074,please
train_landmark_files/26734/449388040.parquet,26734,449388040,later
train_landmark_files/27610/449841747.parquet,27610,449841747,thankyou
train_landmark_files/16069/451137042.parquet,16069,451137042,yes
train_landmark_files/34503/451310932.parquet,34503,451310932,mom
train_landmark_files/26734/451566800.parquet,26734,451566800,sad
train_landmark_files/2044/452977223.parquet,2044,452977223,happy
train_landmark_files/29302/454183313.parquet,29302,454183313,later
train_landmark_files/32319/456813395.parquet,32319,456813395,dad
train_landmark_files/26734/456918171.parquet,26734,456918171,hello
train_landmark_files/27610/459636727.parquet,27610,459636727,thankyou
train_landmark_files/55372/461423715.parquet,55372,461423715,yes
train_landmark_files/29302/462616682.parquet,29302,462616682,sad
train_landmark_files/37779/463231869.parquet,37779,463231869,yes
train_landmark_files/18796/463513101.parquet,18796,463513101,please
train_landmark_files/22343/464657859.parquet,22343,464657859,thankyou
train_landmark_files/29302/465071024.parquet,29302,465071024,please
train_landmark_files/25571/465110518.parquet,25571,465110518,yes
train_landmark_files/22343/467002834.parquet,22343,467002834,no
train_landmark_files/4718/468121184.parquet,4718,468121184,hello
train_landmark_files/34503/468406618.parquet,34503,468406618,thankyou
train_landmark_files/34503/469139414.parquet,34503,469139414,later
train_landmark_files/36257/469740671.parquet,36257,469740671,no
train_landmark_files/36257/46978655.parquet,36257,46978655,please
train_landmark_files/61333/470105854.parquet,61333,470105854,happy
train_landmark_files/18796/474037743.parquet,18796,474037743,yes
train_landmark_files/32319/475707723.parquet,32319,475707723,please
train_landmark_files/34503/47650055.parquet,34503,47650055,yes
train_landmark_files/28656/477085341.parquet,28656,477085341,please
train_landmark_files/22343/477221281.parquet,22343,477221281,later
train_landmark_files/37779/47749182.parquet,37779,47749182,no
train_landmark_files/29302/479318233.parquet,29302,479318233,sad
train_landmark_files/2044/480037305.parquet,2044,480037305,please
train_landmark_files/34503/480100968.parquet,34503,480100968,hello
train_landmark_files/28656/481407740.parquet,28656,481407740,no
train_landmark_files/36257/48182033.parquet,36257,48182033,yes
train_landmark_files/29302/481969455.parquet,29302,481969455,mom
train_landmark_files/22343/483592241.parquet,22343,483592241,hello
train_landmark_files/28656/484251072.parquet,28656,484251072,yes
train_landmark_files/22343/484487836.parquet,22343,484487836,mom
train_landmark_files/25571/487698134.parquet,25571,487698134,please
train_landmark_files/25571/488358380.parquet,25571,488358380,please
train_landmark_files/25571/49559558.parquet,25571,49559558,sad
train_landmark_files/34503/49705899.parquet,34503,49705899,mom
train_landmark_files/16069/497384476.parquet,16069,497384476,hello
train_landmark_files/55372/499857416.parquet,55372,499857416,mom
train_landmark_files/22343/500129578.parquet,22343,500129578,happy
train_landmark_files/37055/501237492.parquet,37055,501237492,later
train_landmark_files/29302/50184919.parquet,29302,50184919,thankyou
train_landmark_files/22343/502036817.parquet,22343,502036817,thankyou
train_landmark_files/32319/502989587.parquet,32319,502989587,sad
train_landmark_files/25571/503135720.parquet,25571,503135720,happy
train_landmark_files/32319/505267348.parquet,32319,505267348,thankyou
train_landmark_files/61333/506940108.parquet,61333,506940108,happy
train_landmark_files/16069/507017716.parquet,16069,507017716,no
train_landmark_files/55372/507506613.parquet,55372,507506613,no
train_landmark_files/22343/508048079.parquet,22343,508048079,hello
train_landmark_files/36257/508741199.parquet,36257,508741199,hello
train_landmark_files/4718/509383953.parquet,4718,509383953,later
train_landmark_files/37055/510690162.parquet,37055,510690162,dad
train_landmark_files/53618/512199423.parquet,53618,512199423,please
train_landmark_files/29302/515107388.parquet,29302,515107388,dad
train_landmark_files/16069/515135749.parquet,16069,515135749,mom
train_landmark_files/22343/515537721.parquet,22343,515537721,please
train_landmark_files/34503/517083949.parquet,34503,517083949,later
train_landmark_files/30680/51910920.parquet,30680,51910920,sad
train_landmark_files/34503/519921990.parquet,34503,519921990,happy
train_landmark_files/2044/520397645.parquet,2044,520397645,mom
train_landmark_files/26734/521465401.parquet,26734,521465401,no
train_landmark_files/26734/521740340.parquet,26734,521740340,no
train_landmark_files/25571/522221390.parquet,25571,522221390,yes
train_landmark_files/49445/52485978.parquet,49445,52485978,please
train_landmark_files/62590/526081154.parquet,62590,526081154,sad
train_landmark_files/18796/526684427.parquet,18796,526684427,happy
train_landmark_files/29302/527821184.parquet,29302,527821184,mom
train_landmark_files/4718/528602456.parquet,4718,528602456,later
train_landmark_files/29302/529220920.parquet,29302,529220920,please
train_landmark_files/61333/529783439.parquet,61333,529783439,happy
train_landmark_files/26734/530427332.parquet,26734,530427332,later
train_landmark_files/53618/53315655.parquet,53618,53315655,dad
train_landmark_files/55372/534860680.parquet,55372,534860680,please
train_landmark_files/30680/534971972.parquet,30680,534971972,hello
train_landmark_files/37055/538767159.parquet,37055,538767159,no
train_landmark_files/16069/539033439.parquet,16069,539033439,later
train_landmark_files/27610/540076389.parquet,27610,540076389,thankyou
train_landmark_files/49445/541129045.parquet,49445,541129045,mom
train_landmark_files/37055/541501048.parquet,37055,541501048,sad
train_landmark_files/49445/542854897.parquet,49445,542854897,no
train_landmark_files/55372/545364215.parquet,55372,545364215,hello
train_landmark_files/16069/545912428.parquet,16069,545912428,later
train_landmark_files/55372/546847697.parquet,55372,546847697,no
train_landmark_files/2044/54936239.parquet,2044,54936239,sad
train_landmark_files/29302/552170290.parquet,29302,552170290,hello
train_landmark_files/27610/554303131.parquet,27610,554303131,please
train_landmark_files/30680/556520396.parquet,30680,556520396,sad
train_landmark_files/61333/557539878.parquet,61333,557539878,dad
train_landmark_files/36257/558182775.parquet,36257,558182775,happy
train_landmark_files/62590/559497991.parquet,62590,559497991,no
train_landmark_files/32319/560554765.parquet,32319,560554765,happy
train_landmark_files/36257/561201616.parquet,36257,561201616,mom
train_landmark_files/22343/563133155.parquet,22343,563133155,later
train_landmark_files/16069/564542750.parquet,16069,564542750,happy
train_landmark_files/22343/565886586.parquet,22343,565886586,yes
train_landmark_files/26734/566957666.parquet,26734,566957666,dad
train_landmark_files/29302/568163875.parquet,29302,568163875,hello
train_landmark_files/61333/569668027.parquet,61333,569668027,yes
train_landmark_files/26734/570019446.parquet,26734,570019446,dad
train_landmark_files/4718/570733568.parquet,4718,570733568,happy
train_landmark_files/18796/572257260.parquet,18796,572257260,dad
train_landmark_files/37055/57247545.parquet,37055,57247545,happy
train_landmark_files/4718/576124600.parquet,4718,576124600,sad
train_landmark_files/29302/576611508.parquet,29302,576611508,dad
train_landmark_files/27610/577935408.parquet,27610,577935408,hello
train_landmark_files/34503/578904735.parquet,34503,578904735,hello
train_landmark_files/16069/579280412.parquet,16069,579280412,thankyou
train_landmark_files/29302/579576215.parquet,29302,579576215,later
train_landmark_files/34503/579643156.parquet,34503,579643156,hello
train_landmark_files/55372/579809159.parquet,55372,579809159,thankyou
train_landmark_files/22343/580489258.parquet,22343,580489258,happy
train_landmark_files/27610/580514808.parquet,27610,580514808,dad
train_landmark_files/37055/581032810.parquet,37055,581032810,no
train_landmark_files/16069/582323938.parquet,16069,582323938,mom
train_landmark_files/29302/582484209.parquet,29302,582484209,yes
train_landmark_files/49445/589004313.parquet,49445,589004313,sad
train_landmark_files/37779/589088661.parquet,37779,589088661,hello
train_landmark_files/49445/589237045.parquet,49445,589237045,later
train_landmark_files/32319/589897096.parquet,32319,589897096,dad
train_landmark_files/16069/591178957.parquet,16069,591178957,dad
train_landmark_files/4718/592543759.parquet,4718,592543759,please
train_landmark_files/34503/593575094.parquet,34503,593575094,yes
train_landmark_files/62590/594634446.parquet,62590,594634446,no
train_landmark_files/25571/596742258.parquet,25571,596742258,no
train_landmark_files/28656/597127327.parquet,28656,597127327,happy
train_landmark_files/18796/598048142.parquet,18796,598048142,dad
train_landmark_files/37779/600636532.parquet,37779,600636532,yes
train_landmark_files/37055/601150254.parquet,37055,601150254,yes
train_landmark_files/18796/601964800.parquet,18796,601964800,sad
train_landmark_files/2044/604520569.parquet,2044,604520569,yes
train_landmark_files/30680/604793404.parquet,30680,604793404,sad
train_landmark_files/2044/604950927.parquet,2044,604950927,later
train_landmark_files/32319/605523721.parquet,32319,605523721,later
train_landmark_files/49445/606037959.parquet,49445,606037959,hello
train_landmark_files/53618/606840501.parquet,53618,606840501,thankyou
train_landmark_files/25571/607856250.parquet,25571,607856250,no
train_landmark_files/16069/609398419.parquet,16069,609398419,mom
train_landmark_files/61333/61055427.parquet,61333,61055427,hello
train_landmark_files/2044/612565976.parquet,2044,612565976,yes
train_landmark_files/26734/613783307.parquet,26734,613783307,sad
train_landmark_files/2044/613787877.parquet,2044,613787877,please
train_landmark_files/53618/613849231.parquet,53618,613849231,dad
train_landmark_files/62590/614187965.parquet,62590,614187965,hello
train_landmark_files/32319/614643207.parquet,32319,614643207,please
train_landmark_files/37779/61556994.parquet,37779,61556994,please
train_landmark_files/28656/617379972.parquet,28656,617379972,please
train_landmark_files/62590/618119430.parquet,62590,618119430,no
train_landmark_files/49445/618444044.parquet,49445,618444044,thankyou
train_landmark_files/37055/619648338.parquet,37055,619648338,dad
train_landmark_files/18796/619738822.parquet,18796,619738822,later
train_landmark_files/18796/619864656.parquet,18796,619864656,sad
train_landmark_files/61333/620227575.parquet,61333,620227575,yes
train_landmark_files/27610/620551380.parquet,27610,620551380,please
train_landmark_files/27610/62197682.parquet,27610,62197682,dad
train_landmark_files/29302/622382285.parquet,29302,622382285,no
train_landmark_files/16069/622750988.parquet,16069,622750988,dad
train_landmark_files/49445/624029749.parquet,49445,624029749,hello
train_landmark_files/25571/626048964.parquet,25571,626048964,dad
train_landmark_files/34503/627726019.parquet,34503,627726019,hello
train_landmark_files/32319/629766969.parquet,32319,629766969,no
train_landmark_files/32319/629907902.parquet,32319,629907902,no
train_landmark_files/4718/63080087.parquet,4718,63080087,hello
train_landmark_files/29302/630917669.parquet,29302,630917669,dad
train_landmark_files/25571/631767395.parquet,25571,631767395,please
train_landmark_files/62590/631848030.parquet,62590,631848030,dad
train_landmark_files/27610/632257119.parquet,27610,632257119,no
train_landmark_files/49445/632819745.parquet,49445,632819745,hello
train_landmark_files/32319/633049136.parquet,32319,633049136,please
train_landmark_files/25571/636843237.parquet,25571,636843237,hello
train_landmark_files/30680/637062095.parquet,30680,637062095,no
train_landmark_files/37055/637088317.parquet,37055,637088317,mom
train_landmark_files/25571/637526044.parquet,25571,637526044,dad
train_landmark_files/34503/637616269.parquet,34503,637616269,no
train_landmark_files/4718/638208279.parquet,4718,638208279,sad
train_landmark_files/27610/638953582.parquet,27610,638953582,please
train_landmark_files/49445/640922432.parquet,49445,640922432,mom
train_landmark_files/61333/64258967.parquet,61333,64258967,sad
train_landmark_files/29302/643093985.parquet,29302,643093985,please
train_landmark_files/27610/643341510.parquet,27610,643341510,no
train_landmark_files/28656/645175559.parquet,28656,645175559,yes
train_landmark_files/25571/646280777.parquet,25571,646280777,mom
train_landmark_files/36257/647311120.parquet,36257,647311120,no
train_landmark_files/61333/649793223.parquet,61333,649793223,sad
train_landmark_files/37779/65550773.parquet,37779,65550773,thankyou
train_landmark_files/61333/65568424.parquet,61333,65568424,please
train_landmark_files/16069/655764749.parquet,16069,655764749,sad
train_landmark_files/36257/655950441.parquet,36257,655950441,mom
train_landmark_files/28656/657874531.parquet,28656,657874531,hello
train_landmark_files/32319/658405524.parquet,32319,658405524,no
train_landmark_files/49445/658571810.parquet,49445,658571810,thankyou
train_landmark_files/27610/658893428.parquet,27610,658893428,mom
train_landmark_files/29302/658914408.parquet,29302,658914408,please
train_landmark_files/26734/660288856.parquet,26734,660288856,no
train_landmark_files/16069/6623499.parquet,16069,6623499,thankyou
train_landmark_files/28656/662915377.parquet,28656,662915377,sad
train_landmark_files/22343/663708281.parquet,22343,663708281,later
train_landmark_files/2044/664300278.parquet,2044,664300278,happy
train_landmark_files/49445/66446470.parquet,49445,66446470,hello
train_landmark_files/27610/665104892.parquet,27610,665104892,hello
train_landmark_files/29302/665206298.parquet,29302,665206298,thankyou
train_landmark_files/53618/666007767.parquet,53618,666007767,yes
train_landmark_files/26734/666488598.parquet,26734,666488598,sad
train_landmark_files/25571/666912052.parquet,25571,666912052,please
train_landmark_files/16069/668368928.parquet,16069,668368928,no
train_landmark_files/55372/670142603.parquet,55372,670142603,happy
train_landmark_files/26734/67119514.parquet,26734,67119514,happy
train_landmark_files/36257/671733444.parquet,36257,671733444,dad
train_landmark_files/62590/672109270.parquet,62590,672109270,mom
train_landmark_files/28656/672262992.parquet,28656,672262992,hello
train_landmark_files/27610/672466693.parquet,27610,672466693,mom
train_landmark_files/62590/673220977.parquet,62590,673220977,dad
train_landmark_files/55372/674214847.parquet,55372,674214847,mom
train_landmark_files/25571/676580051.parquet,25571,676580051,later
train_landmark_files/49445/67841754.parquet,49445,67841754,sad
train_landmark_files/29302/683517716.parquet,29302,683517716,thankyou
train_landmark_files/25571/684591705.parquet,25571,684591705,later
train_landmark_files/55372/685145140.parquet,55372,685145140,hello
train_landmark_files/37779/687729222.parquet,37779,687729222,sad
train_landmark_files/62590/688107254.parquet,62590,688107254,please
train_landmark_files/2044/688776128.parquet,2044,688776128,mom
train_landmark_files/22343/690118204.parquet,22343,690118204,hello
train_landmark_files/49445/691285097.parquet,49445,691285097,yes
train_landmark_files/37779/692960753.parquet,37779,692960753,thankyou
train_landmark_files/4718/693176659.parquet,4718,693176659,sad
train_landmark_files/53618/693593536.parquet,53618,693593536,hello
train_landmark_files/37779/696418156.parquet,37779,696418156,thankyou
train_landmark_files/2044/696964622.parquet,2044,696964622,dad
train_landmark_files/27610/697980298.parquet,27610,697980298,happy
train_landmark_files/29302/698855643.parquet,29302,698855643,thankyou
train_landmark_files/36257/700492173.parquet,36257,700492173,happy
train_landmark_files/37055/701859971.parquet,37055,701859971,please
train_landmark_files/18796/702299459.parquet,18796,702299459,hello
train_landmark_files/4718/702946725.parquet,4718,702946725,yes
train_landmark_files/18796/703393355.parquet,18796,703393355,sad
train_landmark_files/4718/705053241.parquet,4718,705053241,no
train_landmark_files/30680/705889457.parquet,30680,705889457,dad
train_landmark_files/53618/706736585.parquet,53618,706736585,hello
train_landmark_files/61333/707115797.parquet,61333,707115797,please
train_landmark_files/36257/708917771.parquet,36257,708917771,no
train_landmark_files/16069/710102806.parquet,16069,710102806,sad
train_landmark_files/36257/711122278.parquet,36257,711122278,sad
train_landmark_files/2044/711992222.parquet,2044,711992222,dad
train_landmark_files/26734/712544289.parquet,26734,712544289,please
train_landmark_files/32319/71379593.parquet,32319,71379593,please
train_landmark_files/61333/715383896.parquet,61333,715383896,please
train_landmark_files/55372/715941725.parquet,55372,715941725,dad
train_landmark_files/2044/716416431.parquet,2044,716416431,no
train_landmark_files/62590/71647337.parquet,62590,71647337,happy
train_landmark_files/32319/717547445.parquet,32319,717547445,dad
train_landmark_files/49445/717690678.parquet,49445,717690678,mom
train_landmark_files/61333/719042208.parquet,61333,719042208,please
train_landmark_files/53618/719899288.parquet,53618,719899288,sad
train_landmark_files/26734/720460636.parquet,26734,720460636,please
train_landmark_files/36257/721424858.parquet,36257,721424858,yes
train_landmark_files/55372/722190644.parquet,55372,722190644,dad
train_landmark_files/4718/724906280.parquet,4718,724906280,sad
train_landmark_files/61333/725140921.parquet,61333,725140921,yes
train_landmark_files/62590/725781404.parquet,62590,725781404,no
train_landmark_files/29302/729140291.parquet,29302,729140291,happy
train_landmark_files/36257/730326076.parquet,36257,730326076,dad
train_landmark_files/37779/731190254.parquet,37779,731190254,no
train_landmark_files/55372/73180073.parquet,55372,73180073,yes
train_landmark_files/29302/735674580.parquet,29302,735674580,later
train_landmark_files/61333/737950067.parquet,61333,737950067,no
train_landmark_files/61333/739821689.parquet,61333,739821689,thankyou
train_landmark_files/49445/743353402.parquet,49445,743353402,please
train_landmark_files/28656/743714921.parquet,28656,743714921,hello
train_landmark_files/27610/74519459.parquet,27610,74519459,thankyou
train_landmark_files/55372/745277054.parquet,55372,745277054,later
train_landmark_files/62590/745651535.parquet,62590,745651535,later
train_landmark_files/49445/745912924.parquet,49445,745912924,later
train_landmark_files/28656/747001230.parquet,28656,747001230,mom
train_landmark_files/2044/749416505.parquet,2044,749416505,please
train_landmark_files/25571/751355914.parquet,25571,751355914,mom
train_landmark_files/30680/7524886.parquet,30680,7524886,please
train_landmark_files/26734/753509616.parquet,26734,753509616,mom
train_landmark_files/30680/755423976.parquet,30680,755423976,dad
train_landmark_files/27610/756731876.parquet,27610,756731876,yes
train_landmark_files/27610/757236653.parquet,27610,757236653,sad
train_landmark_files/34503/757253171.parquet,34503,757253171,hello
train_landmark_files/18796/757652887.parquet,18796,757652887,please
train_landmark_files/18796/758001778.parquet,18796,758001778,please
train_landmark_files/30680/759249840.parquet,30680,759249840,no
train_landmark_files/37779/759743047.parquet,37779,759743047,no
train_landmark_files/37779/759782643.parquet,37779,759782643,yes
train_landmark_files/37055/760654422.parquet,37055,760654422,no
train_landmark_files/37779/762720368.parquet,37779,762720368,hello
train_landmark_files/55372/763270138.parquet,55372,763270138,no
train_landmark_files/53618/763340232.parquet,53618,763340232,sad
train_landmark_files/37055/764044173.parquet,37055,764044173,no
train_landmark_files/16069/770563707.parquet,16069,770563707,mom
train_landmark_files/25571/771605519.parquet,25571,771605519,sad
train_landmark_files/32319/773156434.parquet,32319,773156434,sad
train_landmark_files/49445/773398322.parquet,49445,773398322,no
train_landmark_files/49445/773672721.parquet,49445,773672721,please
train_landmark_files/34503/774712357.parquet,34503,774712357,no
train_landmark_files/37779/775796867.parquet,37779,775796867,mom
train_landmark_files/26734/777549809.parquet,26734,777549809,please
train_landmark_files/22343/777894616.parquet,22343,777894616,yes
train_landmark_files/22343/77908107.parquet,22343,77908107,no
train_landmark_files/55372/779827510.parquet,55372,779827510,happy
train_landmark_files/32319/78092313.parquet,32319,78092313,yes
train_landmark_files/61333/782131491.parquet,61333,782131491,hello
train_landmark_files/2044/7823557.parquet,2044,7823557,please
train_landmark_files/25571/782740672.parquet,25571,782740672,thankyou
train_landmark_files/53618/784100689.parquet,53618,784100689,please
train_landmark_files/37055/785107652.parquet,37055,785107652,happy
train_landmark_files/34503/785509935.parquet,34503,785509935,thankyou
train_landmark_files/37055/789099155.parquet,37055,789099155,sad
train_landmark_files/4718/78922859.parquet,4718,78922859,yes
train_landmark_files/55372/789703232.parquet,55372,789703232,no
train_landmark_files/37055/790198079.parquet,37055,790198079,mom
train_landmark_files/16069/790381040.parquet,16069,790381040,dad
train_landmark_files/28656/794849793.parquet,28656,794849793,dad
train_landmark_files/27610/795889818.parquet,27610,795889818,no
train_landmark_files/26734/79631423.parquet,26734,79631423,yes
train_landmark_files/37055/797292584.parquet,37055,797292584,sad
train_landmark_files/16069/797360767.parquet,16069,797360767,happy
train_landmark_files/29302/80262344.parquet,29302,80262344,no
train_landmark_files/36257/802865884.parquet,36257,802865884,thankyou
train_landmark_files/30680/804665247.parquet,30680,804665247,thankyou
train_landmark_files/61333/805065291.parquet,61333,805065291,happy
train_landmark_files/22343/807284611.parquet,22343,807284611,no
train_landmark_files/53618/810257366.parquet,53618,810257366,please
train_landmark_files/37779/810354336.parquet,37779,810354336,happy
train_landmark_files/37055/810478793.parquet,37055,810478793,dad
train_landmark_files/36257/811405286.parquet,36257,811405286,mom
train_landmark_files/37779/811690283.parquet,37779,811690283,please
train_landmark_files/27610/812517744.parquet,27610,812517744,happy
train_landmark_files/61333/812750579.parquet,61333,812750579,mom
train_landmark_files/53618/814965847.parquet,53618,814965847,mom
train_landmark_files/53618/815736907.parquet,53618,815736907,no
train_landmark_files/62590/817139186.parquet,62590,817139186,thankyou
train_landmark_files/30680/817943069.parquet,30680,817943069,please
train_landmark_files/28656/818312326.parquet,28656,818312326,mom
train_landmark_files/4718/818623838.parquet,4718,818623838,no
train_landmark_files/49445/818669267.parquet,49445,818669267,please
train_landmark_files/37055/819063116.parquet,37055,819063116,please
train_landmark_files/2044/820536996.parquet,2044,820536996,mom
train_landmark_files/16069/820905315.parquet,16069,820905315,later
train_landmark_files/18796/821235309.parquet,18796,821235309,happy
train_landmark_files/29302/822370961.parquet,29302,822370961,later
train_landmark_files/37055/823130750.parquet,37055,823130750,no
train_landmark_files/16069/825277638.parquet,16069,825277638,please
train_landmark_files/53618/825665021.parquet,53618,825665021,hello
train_landmark_files/27610/827271587.parquet,27610,827271587,no
train_landmark_files/29302/827527185.parquet,29302,827527185,sad
train_landmark_files/36257/831352663.parquet,36257,831352663,dad
train_landmark_files/27610/832455581.parquet,27610,832455581,sad
train_landmark_files/26734/835444384.parquet,26734,835444384,no
train_landmark_files/37779/83604458.parquet,37779,83604458,sad
train_landmark_files/22343/8378765.parquet,22343,8378765,hello
train_landmark_files/22343/838026513.parquet,22343,838026513,dad
train_landmark_files/27610/838380532.parquet,27610,838380532,dad
train_landmark_files/18796/842148098.parquet,18796,842148098,sad
train_landmark_files/18796/84217879.parquet,18796,84217879,please
train_landmark_files/30680/844417988.parquet,30680,844417988,please
train_landmark_files/2044/845196652.parquet,2044,845196652,thankyou
train_landmark_files/61333/847485367.parquet,61333,847485367,no
train_landmark_files/53618/848817321.parquet,53618,848817321,happy
train_landmark_files/55372/849340688.parquet,55372,849340688,please
train_landmark_files/30680/849560414.parquet,30680,849560414,happy
train_landmark_files/62590/849820287.parquet,62590,849820287,dad
train_landmark_files/27610/853365828.parquet,27610,853365828,yes
train_landmark_files/37055/853428162.parquet,37055,853428162,dad
train_landmark_files/2044/85357062.parquet,2044,85357062,sad
train_landmark_files/53618/854194529.parquet,53618,854194529,thankyou
train_landmark_files/49445/854246737.parquet,49445,854246737,no
train_landmark_files/16069/856345905.parquet,16069,856345905,no
train_landmark_files/55372/857080377.parquet,55372,857080377,later
train_landmark_files/36257/858783917.parquet,36257,858783917,dad
train_landmark_files/30680/859129773.parquet,30680,859129773,no
train_landmark_files/49445/861106050.parquet,49445,861106050,yes
train_landmark_files/62590/861194469.parquet,62590,861194469,please
train_landmark_files/36257/862958895.parquet,36257,862958895,dad
train_landmark_files/26734/86397829.parquet,26734,86397829,mom
train_landmark_files/62590/864890921.parquet,62590,864890921,hello
train_landmark_files/37055/865754103.parquet,37055,865754103,later
train_landmark_files/34503/867986821.parquet,34503,867986821,later
train_landmark_files/22343/868815561.parquet,22343,868815561,please
train_landmark_files/49445/869194525.parquet,49445,869194525,no
train_landmark_files/25571/869551907.parquet,25571,869551907,later
train_landmark_files/22343/869854029.parquet,22343,869854029,no
train_landmark_files/62590/870050756.parquet,62590,870050756,yes
train_landmark_files/26734/871344264.parquet,26734,871344264,sad
train_landmark_files/29302/871926817.parquet,29302,871926817,sad
train_landmark_files/32319/872011320.parquet,32319,872011320,thankyou
train_landmark_files/25571/873487331.parquet,25571,873487331,happy
train_landmark_files/26734/875304582.parquet,26734,875304582,please
train_landmark_files/53618/875675471.parquet,53618,875675471,later
train_landmark_files/49445/877297630.parquet,49445,877297630,thankyou
train_landmark_files/49445/88005758.parquet,49445,88005758,yes
train_landmark_files/34503/880753232.parquet,34503,880753232,thankyou
train_landmark_files/37779/883279923.parquet,37779,883279923,happy
train_landmark_files/25571/883346870.parquet,25571,883346870,hello
train_landmark_files/62590/883488730.parquet,62590,883488730,yes
train_landmark_files/32319/885106236.parquet,32319,885106236,mom
train_landmark_files/36257/885150098.parquet,36257,885150098,sad
train_landmark_files/55372/885615913.parquet,55372,885615913,later
train_landmark_files/30680/886935363.parquet,30680,886935363,mom
train_landmark_files/55372/888575845.parquet,55372,888575845,no
train_landmark_files/2044/891248442.parquet,2044,891248442,thankyou
train_landmark_files/49445/891866937.parquet,49445,891866937,hello
train_landmark_files/25571/891875807.parquet,25571,891875807,sad
train_landmark_files/34503/89218248.parquet,34503,89218248,mom
train_landmark_files/4718/892269526.parquet,4718,892269526,mom
train_landmark_files/22343/894280255.parquet,22343,894280255,mom
train_landmark_files/29302/894372592.parquet,29302,894372592,happy
train_landmark_files/22343/895392281.parquet,22343,895392281,sad
train_landmark_files/22343/89690457.parquet,22343,89690457,please
train_landmark_files/26734/899394718.parquet,26734,899394718,happy
train_landmark_files/25571/900452394.parquet,25571,900452394,happy
train_landmark_files/37055/902482751.parquet,37055,902482751,happy
train_landmark_files/4718/903150607.parquet,4718,903150607,thankyou
train_landmark_files/61333/9052121.parquet,61333,9052121,no
train_landmark_files/36257/908693064.parquet,36257,908693064,sad
train_landmark_files/18796/909310740.parquet,18796,909310740,mom
train_landmark_files/22343/910378779.parquet,22343,910378779,mom
train_landmark_files/29302/910979106.parquet,29302,910979106,please
train_landmark_files/28656/912635373.parquet,28656,912635373,please
train_landmark_files/4718/913100956.parquet,4718,913100956,mom
train_landmark_files/4718/913866798.parquet,4718,913866798,thankyou
train_landmark_files/27610/913907323.parquet,27610,913907323,mom
train_landmark_files/62590/914747832.parquet,62590,914747832,happy
train_landmark_files/53618/914761634.parquet,53618,914761634,sad
train_landmark_files/16069/914793694.parquet,16069,914793694,mom
train_landmark_files/61333/915139426.parquet,61333,915139426,dad
train_landmark_files/25571/916399819.parquet,25571,916399819,happy
train_landmark_files/36257/916438611.parquet,36257,916438611,dad
train_landmark_files/53618/916858718.parquet,53618,916858718,no
train_landmark_files/2044/918062471.parquet,2044,918062471,yes
train_landmark_files/55372/918798569.parquet,55372,918798569,sad
train_landmark_files/61333/918966386.parquet,61333,918966386,no
train_landmark_files/34503/919384553.parquet,34503,919384553,mom
train_landmark_files/30680/919577056.parquet,30680,919577056,dad
train_landmark_files/34503/919672752.parquet,34503,919672752,mom
train_landmark_files/55372/921132593.parquet,55372,921132593,yes
train_landmark_files/53618/922074701.parquet,53618,922074701,happy
train_landmark_files/25571/922686840.parquet,25571,922686840,yes
train_landmark_files/26734/925754583.parquet,26734,925754583,mom
train_landmark_files/30680/92751419.parquet,30680,92751419,please
train_landmark_files/36257/927902066.parquet,36257,927902066,thankyou
train_landmark_files/4718/929293506.parquet,4718,929293506,later
train_landmark_files/26734/930800298.parquet,26734,930800298,thankyou
train_landmark_files/18796/93087284.parquet,18796,93087284,hello
train_landmark_files/61333/9311649.parquet,61333,9311649,dad
train_landmark_files/22343/931604095.parquet,22343,931604095,please
train_landmark_files/29302/931948811.parquet,29302,931948811,thankyou
train_landmark_files/34503/931993259.parquet,34503,931993259,mom
train_landmark_files/49445/934716819.parquet,49445,934716819,sad
train_landmark_files/22343/935644236.parquet,22343,935644236,thankyou
train_landmark_files/61333/940100783.parquet,61333,940100783,yes
train_landmark_files/49445/940392805.parquet,49445,940392805,happy
train_landmark_files/26734/940469205.parquet,26734,940469205,later
train_landmark_files/34503/940597160.parquet,34503,940597160,yes
train_landmark_files/37779/940997595.parquet,37779,940997595,no
train_landmark_files/22343/942275274.parquet,22343,942275274,mom
train_landmark_files/53618/942576758.parquet,53618,942576758,thankyou
train_landmark_files/32319/943086904.parquet,32319,943086904,thankyou
train_landmark_files/49445/945262840.parquet,49445,945262840,thankyou
train_landmark_files/25571/945703618.parquet,25571,945703618,yes
train_landmark_files/29302/945933787.parquet,29302,945933787,mom
train_landmark_files/32319/951165305.parquet,32319,951165305,yes
train_landmark_files/30680/951313470.parquet,30680,951313470,dad
train_landmark_files/55372/952650816.parquet,55372,952650816,please
train_landmark_files/2044/952888580.parquet,2044,952888580,happy
train_landmark_files/28656/953516000.parquet,28656,953516000,mom
train_landmark_files/32319/954159011.parquet,32319,954159011,dad
train_landmark_files/28656/954881175.parquet,28656,954881175,thankyou
train_landmark_files/62590/956128313.parquet,62590,956128313,no
train_landmark_files/55372/956182628.parquet,55372,956182628,dad
train_landmark_files/37055/957460014.parquet,37055,957460014,mom
train_landmark_files/25571/957674833.parquet,25571,957674833,dad
train_landmark_files/18796/958014686.parquet,18796,958014686,dad
train_landmark_files/55372/958064779.parquet,55372,958064779,mom
train_landmark_files/61333/959437686.parquet,61333,959437686,thankyou
train_landmark_files/34503/961663018.parquet,34503,961663018,hello
train_landmark_files/55372/962867465.parquet,55372,962867465,thankyou
train_landmark_files/26734/965160905.parquet,26734,965160905,please
train_landmark_files/22343/965903900.parquet,22343,965903900,no
train_landmark_files/55372/966857502.parquet,55372,966857502,mom
train_landmark_files/4718/967848113.parquet,4718,967848113,mom
train_landmark_files/29302/972348530.parquet,29302,972348530,yes
train_landmark_files/53618/97300675.parquet,53618,97300675,yes
train_landmark_files/32319/974314054.parquet,32319,974314054,sad
train_landmark_files/22343/97439250.parquet,22343,97439250,later
train_landmark_files/18796/975813053.parquet,18796,975813053,happy
train_landmark_files/62590/97719604.parquet,62590,97719604,dad
train_landmark_files/2044/979161787.parquet,2044,979161787,no
train_landmark_files/55372/979171797.parquet,55372,979171797,yes
train_landmark_files/25571/980443182.parquet,25571,980443182,yes
train_landmark_files/37055/980774998.parquet,37055,980774998,mom
train_landmark_files/34503/983349542.parquet,34503,983349542,later
train_landmark_files/37055/983480472.parquet,37055,983480472,later
train_landmark_files/22343/986764003.parquet,22343,986764003,dad
train_landmark_files/37779/987484539.parquet,37779,987484539,yes
train_landmark_files/53618/992175076.parquet,53618,992175076,please
train_landmark_files/49445/993575049.parquet,49445,993575049,sad
train_landmark_files/30680/994074369.parquet,30680,994074369,please
train_landmark_files/32319/996138355.parquet,32319,996138355,later
train_landmark_files/29302/99745072.parquet,29302,99745072,mom
train_landmark_files/29302/998133856.parquet,29302,998133856,sad
train_landmark_files/55372/99907710.parquet,55372,99907710,sad
train_landmark_files/28656/999108440.parquet,28656,999108440,hello
train_landmark_files/36257/999962374.parquet,36257,999962374,happy
